Address,Group,NFT Balance,ETH Balance,Last Update
0x5402C32CE282F997760C953FF98CD73C2CCF459C,PT,0,0.147231,2022-02-01 13:23:57
0x7341319EC8F17CF78F0D787D3860A60D76840D38,PT,0,0.30821,2022-02-01 13:24:00
0xDE37C4CDA108B242CBE17BC1FB265ED6425B84DB,PT,0,0.238928,2022-02-01 13:24:04
0x144927795FD6F92CFB446D8F4FF7181751652630,PT,0,0.528378,2022-02-01 13:24:02
0x3F3FDEBDFE33FC72325BD5FD0FB2CEE5DB71CDCD,PT,0,0.09797,2022-02-01 13:24:05
0xEF16EF22E5162033FF00892171EB158AF371A292,PT,0,0.48493,2022-02-01 13:24:03
0xD06705891CD52810D0228890AA3AE6E8F94E6987,EBIT,0,0.43452071828100497,2022-02-01 13:24:07
0x9A89E6E9C8CD81677E1A9E1CB7D715E93EC49EF4,EBIT,0,0.354272,2022-02-01 13:24:08
0xD607B3C6DD41B1A3DF0C198A209D622CF98592C5,BBG,0,4.335615106264018,2022-02-01 13:24:12
0xB1323558610F3C2D21C81FB7535F51B8048D4181,RSBBI,0,1.894475,2022-02-01 13:24:10
0x108F149D684E35784751C1BB8E31113C32CCD935,RSBBI,0,2.046743,2022-02-01 13:24:11
0xEBDEE64B75BA4E89F9F40F125F60840B4A44D3B1,RGN,0,0.6186472970766329,2022-02-01 13:24:18
0x977C17089F2E5E4A1CFF1A36480E915636DD3409,IOG,0,0.292719674793002,2022-02-01 13:24:15
0xC2D20D1C698A9E4CFF6AC1038E261B20E5F83EA8,IOG,0,0.466875,2022-02-01 13:24:16
0x1C34B0608884DF532CD0C436025D4FFB80068AE2,PT,0,0.129268,2022-02-01 13:23:58
0x0520CB753EC3B3B59CFC831C0B726AFB4B768B78,RGN,0,1.190172,2022-02-01 13:24:19
0xDAD85A4428E0FC23D33C8E3BCB3513F83F88FB27,BBG,13,0.163916317,2022-02-01 13:24:24
0x21DBDFA93298766C472C6E12086A88B87162D373,KKB,0,0.89645,2022-02-01 13:24:22
0x4B832E8762455E22E8AA52B5D06B9DE4BB85333D,BBG,7,0.4780405769999999,2022-02-01 13:24:23
0x13FC55B0490AFD6FEA6F2624F9179042AC5F7608,BBG,4,0.353451042,2022-02-01 13:24:27
0x12EAEC0470AF64498D12CADA96650A6DB86BE3F8,BBG,4,0.325130602,2022-02-01 13:24:25
0x15FEC57C08737A37C167060964A6F930A715844C,BBG,4,0.431358954,2022-02-01 13:24:29
0x446E2DAAA01EEF6401AE6936A83444BE7F355943,BBG,5,0.524727452,2022-02-01 13:24:31
0x8031F98B8C310BEB83C9284F77A91544DD09DE15,BBG,8,0.487726404,2022-02-01 13:24:30
0x6774B64D647C70C8AF17DA7EB206B884FC9AF8A0,BBG,13,0.154099977,2022-02-01 13:24:32
0x07C5D51D6BC05EC5D2700F5D419C9A1FF9883F4A,BBG,4,0.277298348,2022-02-01 13:24:34
0xBE349A5EF37C06ADCFCEBF65C820AAC284896A40,BBG,6,0.46906143199999994,2022-02-01 13:24:35
0xD6E6FEDBA19FC2418D07BF09DC55A38114B8547D,BBG,9,0.10759911,2022-02-01 13:24:37
0x983866A97C621F826797E333D9B02608DE750A0C,BBG,8,0.490735784,2022-02-01 13:24:40
0x072C4C90BE7B816018EFB1E769B5992BE47ABBBD,BBG,6,0.45401487199999996,2022-02-01 13:24:41
0x3F76B9E9614DE35D487755DDD57B6F807EDE2481,BBG,7,0.39676982399999994,2022-02-01 13:24:42
0x20AB54663798393308EBA1D2AF6DAC20C47F8EBB,BBG,12,0.13416101299999994,2022-02-01 13:24:46
0xC173920CDEA9ADF6AE975ED0B3C230821DF603C2,BBG,7,0.08293742299999997,2022-02-01 13:24:44
0xADADEEC709A51A8CF06A48BAEFFB30BDC04A8151,BBG,8,0.08677135,2022-02-01 13:24:45
0xDEE760E538720FBC4441B1315C9202AE950E986C,PT,13,0.0699248831929477,2022-02-01 13:24:47
0xF5F610565053BC8B289B877DC7BFD4C7ACDEB0B1,PT,12,0.04724679578997339,2022-02-01 13:24:49
0x1F3174CE78147763CAC9C466879ABDBB563E4DA1,PT,10,0.054580858359910035,2022-02-01 13:24:53
0x00FCA4D8477EA1CB8A50549706589F49C75D9560,PT,8,0.18042320290994915,2022-02-01 13:24:51
0xC8E07DCE4F7FB37B8C27096C292D5650FC8E6637,PT,7,0.07277105839024214,2022-02-01 13:24:52
0x9441FAB7C308ACD1ED8E5573B5EF577C2FFE83E2,PT,13,0.14391002699999988,2022-02-01 13:24:54
0xB3A847CB0D069FA06E6F792F19B4DE17F4638C28,PT,8,0.22547231765194523,2022-02-01 13:24:56
0x01204906B86658932ACCEFBB06744432873A2D43,PT,4,0.49860735,2022-02-01 13:25:01
0xF0F2BD89D8EE89FF1C6401B8E1A404088CFD9357,PT,6,0.3922533916238497,2022-02-01 13:24:58
0x2D68DB225CDD46F788D9DB2E491229F18C118F3E,PT,10,0.120157687,2022-02-01 13:25:02
0x855B446A19CB1F434921EAB51C8718E8014A23C7,PT,5,0.593886977,2022-02-01 13:25:03
0x611BD4A5076BE595B29F99D25D5EE99C78FC152A,PT,5,0.5162325,2022-02-01 13:25:06
0xD0CDFC3F8EB61F3D4E4B0CB3FB50EE4C4821732D,PT,12,0.12507204099999994,2022-02-01 13:25:05
0x3C596B218F34E6A3AD75185FDB07DFD06AFD2906,PT,6,0.5352301319999999,2022-02-01 13:25:08
0x8E315733FFCFF7EEFC41DD666DA79095E0F5AA72,PT,4,0.503867184,2022-02-01 13:25:09
0x6CD031695C9745A962E0372C54E398495FB2185E,PT,5,0.59495715,2022-02-01 13:25:13
0x48C7A26775EBC99A19281E166D7DFA6377DA00A8,PT,5,0.447127883,2022-02-01 13:25:11
0xD2AEFCD74D87D2D0F0601885A32C18010C2CF68B,PT,10,0.108041862,2022-02-01 13:25:12
0x0B8618E5A0E9789A62383B7D06B2CF9E64515C93,PT,6,0.44975632399999993,2022-02-01 13:25:14
0x0A638BC9D22A05C2D47D9354A3AF898E02D66CF5,PT,6,0.45819911599999996,2022-02-01 13:25:16
0x5900EC22CF68719BA64EFE0CCDC130C3F35F65EB,PT,8,0.56394075,2022-02-01 13:25:17
0x54DF8F7888D957D729DF6A7C135DF00D714B3FB2,PT,12,0.14936289899999994,2022-02-01 13:25:22
0x7ECACF74420A194F8222D97CDA351D36E1E49EC4,PT,7,0.616117329,2022-02-01 13:25:19
0x073CE6108D6B06F9E34518E92DF29269EE5AD371,PT,4,0.437635218,2022-02-01 13:25:23
0x19D1812437F795FC121BFEDD266950A3ED63441E,PT,6,0.530785824,2022-02-01 13:25:24
0x119C109ECF42C20B14FADB61B1D735B0AC04623A,PT,7,0.630237748,2022-02-01 13:25:25
0x5165F3BD3F81F4DA411E336F6C89A87D3E29D014,KKB,6,0.07928116799999993,2022-02-01 13:25:29
0x3A209F44A1561F00FA58C8EC3F97F8852767865B,PT,7,0.707173596,2022-02-01 13:25:27
0x6E72170E8FB277EC9D50F0ECFF099DAD89DACA07,KKB,5,0.073986,2022-02-01 13:25:30
0x490A864E73A97518788610D7ED52C736CB24D5E0,IOG,6,0.08379513599999994,2022-02-01 13:25:36
0xA4289546BB5A32AD640F69F6C8217F7765D066D0,KKB,6,0.07852883999999993,2022-02-01 13:25:31
0x102AFBF75907469B422039188329B26E2CCD4AF4,KKB,7,0.11064151999999994,2022-02-01 13:25:34
0x6D9B0A534D6F2240D1F8259EA5EDC86D0ED4E025,IOG,4,0.049789888,2022-02-01 13:25:37
0x29C817DC60496B5F4D3B0C1F32119AF48DB24196,IOG,7,0.10890755799999993,2022-02-01 13:25:35
0x44CC6AA8E1AA7A781E18743B300DA53787B950A2,IOG,7,0.10023774799999993,2022-02-01 13:25:38
0xA982F633D214ABF2A416749981BCF94F86CCFC7A,IOG,8,0.102818234,2022-02-01 13:25:41
0x095BD4709A72B4CC696E807116E2A5F071DCD005,IOG,4,0.048220822,2022-02-01 13:25:40
0x281B5850401952E515EA281F61D72CD2DDFACE32,RGN,7,0.09503586199999993,2022-02-01 13:25:46
0x2ABC251D85D179790F536850FD94CD9D579528F6,RGN,6,0.07627185599999993,2022-02-01 13:25:42
0xDC5D10ED79D182E8CA5FA4097012BCB1269E4D26,KKB,6,0.08229047999999993,2022-02-01 13:25:32
0x59613EE680ACED78B0652D0118754F132769C28C,RGN,8,0.11165294,2022-02-01 13:25:45
0x704FB434DD493F0D4AD2703F1E9B7CC5B7CEFA67,RGN,8,0.102818234,2022-02-01 13:25:43
0xA2407482C238DACDC60D94A78A634CFC0FE5DE6F,RGN,5,0.078986,2022-02-01 13:25:47
0x9A968EC1C52B6D3CB56DF41D20017703E8DC41CF,RGN,8,0.08506183624648764,2022-02-01 13:25:49
0x364CD71459144091EA2CAEB81941892C2799EADE,RGN,4,0.053974064,2022-02-01 13:25:50
0xEA52D2615A44FC6F9521183C439DE0DE50CA40CF,RGN,6,0.08981375999999994,2022-02-01 13:25:48
0x18A513BBAEA53C56D9D4A10BD7C9897B7688D885,RGN,4,0.053451042,2022-02-01 13:25:52
0x9C463915AFFFEB9053F21CCCE63640BD3025FCC7,RGN,6,0.08830910399999993,2022-02-01 13:25:54
0xC02D485B525BC8D2A77F26DDFE271551CF551DC3,RGN,4,0.057112196,2022-02-01 13:25:55
0x67C83A19D036D86EE1EE949BB32CA29EB49D4107,RGN,6,0.08304280799999994,2022-02-01 13:25:53
0xE5D53F041C7E780C869E8C938F5D7A63411DF2CA,PT,6,0.08078582399999994,2022-02-01 13:25:57
0x3107E412907334DAC6E31F295ABD72A19D557683,PT,4,0.050835932,2022-02-01 13:25:56
0x69A0288C4B5258276BBF8B575C10D3E7FBFD0CC5,PT,4,0.049266866,2022-02-01 13:25:58
0x155495B07F29F0E8C8C40BE5250C0357F517D223,PT,5,0.078986,2022-02-01 13:26:02
0xF8E38AFF27FF360E474555A9FE3935423954597A,PT,5,0.07771065,2022-02-01 13:26:00
0x3C225ED8B992F569DFE94C487228BE8E94542EEA,PT,7,0.10804057699999993,2022-02-01 13:26:05
0x8D4817622E7A13B71EF749449DC26AA610E9851B,PT,6,0.08981375999999994,2022-02-01 13:26:03
0x6FB3E1881FF425BFDCCDAF6717DB9DE078621F0E,PT,5,0.078986,2022-02-01 13:26:04
0xE6E0A43E0DA948F9A757E6E7EB37550EBE6DDA8B,PT,6,0.07326254399999993,2022-02-01 13:26:01
0x92AC8EAF64B0CE98F8DFC5F7A099CD7125DCAEF8,PT,6,0.08379513599999994,2022-02-01 13:26:08
0x74FE2D955FA08B228AA2ABDD4D63E9EFAE0B791D,EBIT,7,0.09416888099999994,2022-02-01 13:26:06
0x549CCD4A0715FCDAB06F9408B258CAFE1EF7157F,EBIT,7,0.10890755799999993,2022-02-01 13:26:10
0x4C5750B3BD9EF691738FA3EF35911AA3CCAA07EA,EBIT,7,0.11064151999999994,2022-02-01 13:26:11
0xCD6929BBE5C6BC4E4F33A5B5444CA9C3C89F2E28,EBIT,7,0.11064151999999994,2022-02-01 13:26:09
0x2B31CBA82E5DBDBFB50312A5717D3CED264DA799,BBG,5,0.078986,2022-02-01 13:26:13
0x2D419671991FE92A2F60376BC6AE704FB38FD845,BBG,8,0.09692843,2022-02-01 13:26:16
0x31A416B0088C56C3DA2C9506EA9D313FA4AD3C44,EBIT,6,0.07928116799999993,2022-02-01 13:26:12
0x58D1DB1E0AADE0171EFCE74C4992882808B0F0E6,BBG,5,0.078986,2022-02-01 13:26:14
0x894BC04FAB911920D7DBB38422491DE4BFA149C6,PT,4,0.049266866,2022-02-01 13:26:18
0xF355727E75DA128081EAB83F6FE7443EC71DBC1C,PT,5,0.0713339,2022-02-01 13:26:19
0x74F8B6C73A9A67E80C0579007D4D2CC97B620894,PT,5,0.06495715,2022-02-01 13:26:20
0xA84755B4DC1EFCC0A5746B54578AEF1B6BFA1145,PT,5,0.078986,2022-02-01 13:26:21
0x96187EBB469C7F093A7CD6E6D540E993C6002C0A,BBG,5,0.065594825,2022-02-01 13:26:17
0x3230F993D8E677227C7EDCBDBCBB4C8053C00A5C,PT,4,0.056589174,2022-02-01 13:26:22
0xC2E8A0437FC9D4084D3B4BEE13FF955392080497,PT,4,0.054497086,2022-02-01 13:26:24
0xB97685655BD05595EFEE5F48233D465594A47339,RSBBI,7,0.09416888099999994,2022-02-01 13:26:28
0xB8A23DAD3CCF7EE841C68AC82DFA30F39EDFC18A,RSBBI,6,0.08755677599999993,2022-02-01 13:26:26
0xDB67DE8666DC02DEF69CBF5E7F301BE8233CD759,RSBBI,8,0.118524378,2022-02-01 13:26:29
0xB6E82A82C7BA01291A5E6A57FEA63330107E9CAA,PT,5,0.078986,2022-02-01 13:26:25
0x02233C0BC94CD967D3D3F78D7893213422F85DF3,RSBBI,6,0.08981375999999994,2022-02-01 13:26:31
0x471892F86F48D5D373782FCA30D973DE04BB06AA,RSBBI,6,0.08981375999999994,2022-02-01 13:26:27
0xFF41286028AA0A4043BD0A877F45B0CE6B89E8F1,PT,5,0.078986,2022-02-01 13:26:33
0x433D506B8E49D7825A14A8E8C45400FE58940FA9,RSBBI,6,0.08680444799999994,2022-02-01 13:26:32
0xE187909295C6EBB30291959F522286E6D1EEDB72,KKB,6,0.07476719999999994,2022-02-01 13:26:34
0x96F02B54A5BD82682EA30B3B0C4D35A6333C8833,IOG,8,0.104781502,2022-02-01 13:26:37
0x699E7FCF640A771FC51995E4C6BC1E7E2FADE011,KKB,5,0.064319475,2022-02-01 13:26:35
0x76734F91E707F7DB0B92AB7E09012E180BAF54C3,IOG,7,0.08983397599999994,2022-02-01 13:26:42
0x84BE697660B7AB35166F79B8653DA571BA51BDAF,IOG,4,0.05815824,2022-02-01 13:26:40
0x563577FCE8B5C4091A049DFB5364B5DCFEEB73EF,IOG,8,0.108708038,2022-02-01 13:26:39
0x28BEC376561F895C139603BBC7CEF661C03B21A1,IOG,6,0.08981375999999994,2022-02-01 13:26:41
0x41BE9EA29B98D8B9B7B763CA785EAF47C541E0F7,RGN,6,0.08304280799999994,2022-02-01 13:26:48
0x9C24000F76638524E74BB936D3CFC123C6C2F780,IOG,7,0.09156793799999993,2022-02-01 13:26:43
0x2CA3219B8F70EC4F470D3429780E9E93CC3FE6F7,RGN,5,0.078986,2022-02-01 13:26:44
0xBC2440F98A1E441673683463E37032B7F535D1BC,IOG,8,0.12146928,2022-02-01 13:26:46
0x98206CC108BD4CE5F0D1953D1D908EE0EEB697A1,KKB,7,0.08743491899999993,2022-02-01 13:26:36
0xFD13EDCE991FC6A3D24023B1EBC7A5E46A844E7F,RGN,5,0.068145525,2022-02-01 13:26:49
0x13CEB4D2F681F6C7BFDC3EB15D8E3F6AA77FB5D9,RGN,6,0.07627185599999993,2022-02-01 13:26:47
0x8758868C0775CD8BFE3795EBA536E2A027AF9A5F,RGN,5,0.07771065,2022-02-01 13:26:51
0x7CD3346126F3D0E27B09547C0E6D1A15651A025A,RGN,4,0.05815824,2022-02-01 13:26:50
0x28937A3245E492E412D2CF151F11CADA9520C16D,RGN,7,0.10717359599999994,2022-02-01 13:26:56
0xD3503325C0DC9FDB464590AC8009A1BB926CD4CD,RGN,6,0.07100555999999994,2022-02-01 13:26:53
0xB8A8821830C4C4DDB2069D17F0B4F810D454B6A5,RGN,8,0.119506012,2022-02-01 13:26:54
0x7B05B893F799AA9E6E15F264E3BBE8FB0C12805A,RGN,8,0.108708038,2022-02-01 13:26:55
0xB0AB2D771B91C55BE2DA29CB2A978A02082D009E,RGN,6,0.08304280799999994,2022-02-01 13:26:57
0xE1DB058520BFD452F289CCDD18AB0BE741A99CFC,RGN,7,0.09937076699999993,2022-02-01 13:26:58
0x6B21AB6AFAABB0147F230F4AAA94286ADFC6E8F4,PT,6,0.08078582399999994,2022-02-01 13:27:01
0x691C1EC2865A1EC652ADA56F2592427E84EDBB9D,PT,6,0.07401487199999994,2022-02-01 13:27:00
0xE0A0827F9C1BD6FBA5F045FB43C4B5ED1B0F2E63,PT,5,0.07005855,2022-02-01 13:27:02
0xE199AEC495216CEFF3BD1216F59753FFF9543F81,PT,5,0.077072975,2022-02-01 13:27:04
0x844E68CB74E505F9CC3EE72918AEE781692A2002,PT,5,0.07260925,2022-02-01 13:27:05
0xEFF41B0041AF54BC754DD82BEA4303FA3B63B04D,PT,8,0.108708038,2022-02-01 13:27:07
0x34EDE355860B0351A9101636C84F72A9CEDCA1D8,PT,6,0.08981375999999994,2022-02-01 13:27:03
0x34E0D2B24A4C93C5604C3AB2156C672BE9D3D212,EBIT,4,0.05815824,2022-02-01 13:27:12
0x92F0187033304ED89F8F337C65D1995480C222D6,PT,4,0.05815824,2022-02-01 13:27:06
0xA7BFFC1CB87A4479F680DAA7E0DE109B4F73468F,PT,8,0.12146928,2022-02-01 13:27:10
0x606A07E0C2571FD2299BCCDE4C07C60D6560BF34,EBIT,5,0.078986,2022-02-01 13:27:13
0xA9F368558B9B5612D8C9077989E2C91600968D31,PT,6,0.08229047999999993,2022-02-01 13:27:09
0x848F47A5421DDB3E596C7DA0935B59956F491234,EBIT,4,0.057112196,2022-02-01 13:27:14
0xF9852E60BD2675F337CB53010619698B162FFAC3,EBIT,8,0.114597842,2022-02-01 13:27:11
0x070E7F3859604A0CA1568AD0E65F6C793C0631DD,BBG,5,0.0738846,2022-02-01 13:27:17
0x766C93ECC62DCF06F3668B2C54FE8C8F3E71F10B,BBG,6,0.08605211999999994,2022-02-01 13:27:18
0x1D99EA4DBF886AE0526B34D301A3FEE5F2497E32,EBIT,7,0.11064151999999994,2022-02-01 13:27:16
0x42A45F82B302E86CC16DEE194CD5BEDADCA44D0A,BBG,5,0.07260925,2022-02-01 13:27:19
0xD214FCD1ED56D9AEEF59EC9AC15BAADAA4DF1870,PT,5,0.078348325,2022-02-01 13:27:26
0x1F77305F5B795024C390854CE47BB09D2C9B79DB,PT,5,0.073246925,2022-02-01 13:27:20
0x503323D5CD908B9FA5363D67B6706242BDC9B120,PT,8,0.117542744,2022-02-01 13:27:21
0x755661449AE8A707BED40C0E2F323DB08F1F71FD,PT,8,0.119506012,2022-02-01 13:27:27
0xD37A2F42D5D46CF60CFC164EFA142467143F0D86,PT,4,0.057635218,2022-02-01 13:27:22
0x7779FA0949166D1921C0AB6360B9BAC5CBD8EB6C,RSBBI,5,0.07260925,2022-02-01 13:27:29
0xCAFDCE8133102EE55559F3E843D8C1F561E3720F,PT,4,0.053451042,2022-02-01 13:27:24
0x84C5C8954D2DF654844C36E3751B4C50AD3AC8CD,PT,5,0.07771065,2022-02-01 13:27:25
0xAEC0115303C332C438423E28B59B2B8EE5D6FFBF,RSBBI,8,0.110671306,2022-02-01 13:27:34
0x80D6FF8210625FE496F59547F0F181E49176A08E,RSBBI,8,0.100854966,2022-02-01 13:27:32
0x3916C34833032A10EBBDA50DB9B24DBB764193B0,PT,5,0.0713339,2022-02-01 13:27:28
0xA602811469184ADB49D3D46D7AB83E551E5ADA64,RSBBI,4,0.052404998,2022-02-01 13:27:33
0x92DC33CBB8B5A304F7815312D2A3869DC85425FF,RSBBI,8,0.12146928,2022-02-01 13:27:31
0xAA3358DA5CB1A3CF3FDA91E5125DDE834D13B38A,RSBBI,6,0.07627185599999993,2022-02-01 13:27:35
0x1F0D5E9833982315912DABB2C37F6C7A92BEBBA6,PT,5,0.071971575,2022-02-01 13:27:36
0x38F2FE020FB517BBEE161460DE3393874A9B5322,KKB,6,0.07777651199999994,2022-02-01 13:27:39
0x99629E0B09396E01286F3609DAF0D7351529F1C7,IOG,8,0.10674477,2022-02-01 13:27:41
0xFD0329230A30A16ADD08D1AC7B709D677D2C3CE2,KKB,8,0.11165294,2022-02-01 13:27:38
0x51F45F888B81E7FA0C6EBCBD2C95668054E346FF,IOG,4,0.05815824,2022-02-01 13:27:44
0xE42C2AA8D0CFC14AB8FD2A41FEBF7F718729251B,KKB,4,0.04508269,2022-02-01 13:27:40
0xAFDC009292A492A00F7507131F84E0EE72F5DD56,IOG,5,0.0738846,2022-02-01 13:27:42
0x353F1D674FBBB8FA8EB78BABE583EE2DCF67E5DB,IOG,5,0.074522275,2022-02-01 13:27:47
0x523E109D15C64F4893FEA3707987AA477E9C2571,IOG,8,0.119506012,2022-02-01 13:27:48
0xFFB6678DDF44141685D232F95E73648B6FEF76C1,IOG,6,0.07401487199999994,2022-02-01 13:27:46
0x54DE13CF7D7AE4C4A8AF49A1350E85227CC5FDD6,RGN,8,0.12146928,2022-02-01 13:27:49
0x5507A18DCBC29462BC737C21FDEFEDEE459779DB,RGN,7,0.11064151999999994,2022-02-01 13:27:50
0x5E1B6D99A1E326B96FFE9DFAF9574B1E12AFCF40,IOG,4,0.05292802,2022-02-01 13:27:43
0x87AB1BCB3A1F591F040E0ACE3605406DFC9B41FC,RGN,6,0.08680444799999994,2022-02-01 13:27:55
0x2FF4BA49E25BCC8632D81F1AD99EF00B075B2A25,RGN,7,0.09850378599999994,2022-02-01 13:27:52
0xB4CED5CDD086D00C6F4E3FEA2F320029E0561C90,RGN,6,0.07100555999999994,2022-02-01 13:27:53
0x65778362AA1A79448846852692C5DBCC640B1557,RGN,8,0.107726404,2022-02-01 13:27:54
0xCC0667B3B05D9BA7B666CBF7B253B552922B8295,RGN,6,0.07777651199999994,2022-02-01 13:27:56
0x296F284E74F6D58D71B42DD758561255DAD8D1C7,RGN,4,0.053974064,2022-02-01 13:27:57
0x8A4FEDAC4CEC8045FC0CC07EF9E5A23945F47ABE,RGN,7,0.10890755799999993,2022-02-01 13:28:01
0xB9A4425412DC933C1015C06617E8A320CD7D2C7F,RGN,5,0.078986,2022-02-01 13:27:59
0x4D289232A5B55D0D102A635E8815B37DCB240356,RGN,6,0.08981375999999994,2022-02-01 13:28:02
0xF6B98645A9E6BD51C36A58DAD5C55CFA4B81DD88,RGN,6,0.07702418399999994,2022-02-01 13:28:00
0x8C566DE320F6890EF3726FD7EEFDB694280D1833,PT,5,0.068145525,2022-02-01 13:28:04
0xF3F96021265B56599B016D3A1D83394991EDE8A6,PT,7,0.11064151999999994,2022-02-01 13:28:03
0x4FB7AB7332D625118928AD5071F95DCF8E14DCE4,PT,6,0.08078582399999994,2022-02-01 13:28:09
0x0D2C27AC072F990EDEAAB790B160723C3337B5B9,PT,6,0.08605211999999994,2022-02-01 13:28:06
0x60A1B66CD9A73C962101CCBD6395E62E739BF32F,PT,5,0.073246925,2022-02-01 13:28:07
0xD0977369F0CCD97BE3F0227C25652C4C14161126,EBIT,7,0.09503586199999993,2022-02-01 13:28:14
0xA656DED4F204E97D4AA7BFF24152721AF65CBE27,PT,6,0.08229047999999993,2022-02-01 13:28:08
0x1DC4C5EE30D31504024A51C8FC234A3F803C1666,PT,7,0.10543963399999993,2022-02-01 13:28:10
0x146D5138FDB1D233D5C57516A61E65D1577D4283,PT,4,0.04508269,2022-02-01 13:28:11
0x3EA9F3647285729FDBDDDD8DC59616977F711CE5,EBIT,6,0.07251021599999993,2022-02-01 13:28:17
0x216CAF43893F18221A1345EF50EB17B3DFC632B5,PT,5,0.078986,2022-02-01 13:28:13
0x9FC70D3CA39170F8FC2061239013970CAD15D1E9,EBIT,5,0.0687832,2022-02-01 13:28:21
0x7810AD86F1BF91E3FEE94BD366BEBD291B7A9760,PT,5,0.065594825,2022-02-01 13:28:15
0x6320B2D5289ED918B6F743AFF3770C02E76C69D2,EBIT,4,0.05815824,2022-02-01 13:28:16
0x60C1AE5784CAFD890D9E6E17CC9799D427F4B93C,BBG,4,0.054497086,2022-02-01 13:28:22
0x2CE8EA3F24692148D9046770E08A69B7B098FD31,BBG,5,0.0713339,2022-02-01 13:28:20
0xAB65787988DDF1627234D98D26B1E15228A7C3BC,EBIT,7,0.10370567199999993,2022-02-01 13:28:19
0x16F4761CFCEFB6641767BD3F83C12A95F83E44A0,BBG,7,0.09416888099999994,2022-02-01 13:28:23
0x02B5B87B665893BD457B7BA4F54B6199B45ABD01,PT,7,0.10890755799999993,2022-02-01 13:28:27
0xD1E7657278088D12D40F6D63B93F1CBDBFF08B76,PT,6,0.07928116799999993,2022-02-01 13:28:24
0x5A22C8DDBB0146636813D47202180C14C677CA0C,PT,4,0.048743844,2022-02-01 13:28:25
0x64C05B9AC784C53B005FB0A6C28F2029A8250E84,PT,0,0.3,2022-02-01 13:28:29
0xE7B6A277D22D8F99AE72B96E6FD6B0A8E76A2552,PT,5,0.078986,2022-02-01 13:28:30
0xE463260CB65848AC08F373192C6474B805115F4E,PT,5,0.078986,2022-02-01 13:28:31
0x8F3630D06C5548C2EB033737329A11AAED2D6709,PT,4,0.049266866,2022-02-01 13:28:32
0x2893960E380F67C1D19D72768B5A71345F609606,PT,4,0.056066152,2022-02-01 13:28:28
0xC40E04519A7851167AFE74466ECD845C7F2B72EA,RSBBI,4,0.048743844,2022-02-01 13:28:36
0x7DF226BF60AD876917A5E7923C14A04C65250F04,RSBBI,5,0.07771065,2022-02-01 13:28:37
0xFB8AE7330763B32F5F8E4348F7AC3C940CCD47BA,RSBBI,7,0.11064151999999994,2022-02-01 13:28:34
0x3C40FDE66AE5A44795772A074C339ED29520E6D5,RSBBI,7,0.09676982399999993,2022-02-01 13:28:35
0x8EB18591A42CF1BFEC32767CFA4ACC8BF4D943AE,RSBBI,6,0.08981375999999994,2022-02-01 13:28:39
0xA4263E90AE143DDB5ABBA6BAF7D3072A1F37ECAD,PT,8,0.098891698,2022-02-01 13:28:41
0xFCD4793507890943980BCC251D7ED73899EEA70A,RSBBI,6,0.07326254399999993,2022-02-01 13:28:38
0x64A1EB5870D4A1D555DF373457D8F7DB2FF0FAE6,IOG,8,0.108708038,2022-02-01 13:28:47
0x84DBD95D3F2F8F76509061F80FFC25AEEE719DD3,KKB,6,0.08379513599999994,2022-02-01 13:28:40
0x4C5451EC97ED725B3D3D6C8213C43A249219BF75,IOG,6,0.07777651199999994,2022-02-01 13:28:50
0xD6797A446D3B37076F17E066C41CE0A895132884,IOG,7,0.09590284299999993,2022-02-01 13:28:44
0x3ACBB2439360951C8442DDDADE64EEA4ED5E1207,IOG,7,0.10370567199999993,2022-02-01 13:28:49
0x1BFBD9C4A966248E9B4D222231CF382A67FF98AB,KKB,4,0.046651756,2022-02-01 13:28:45
0x485DF2CC29BAE7AF587F31D458C359DF951FD877,IOG,5,0.066870175,2022-02-01 13:28:51
0xFE436EFCA28C6175D634B6E3FE6A10A992CA3AB1,RGN,8,0.113616208,2022-02-01 13:28:57
0x191606A7A8ECB7E665EF51F44FB2E5E57F4BE349,RGN,6,0.08229047999999993,2022-02-01 13:28:55
0x15A3C73A3ADD613B04144C102297FF262BD5A02B,IOG,4,0.04508269,2022-02-01 13:28:52
0xE2BB55D5044461B55958BBFC663B1492CC2D96B5,RGN,7,0.11064151999999994,2022-02-01 13:28:53
0xC9C4B5CFF0D64E4F1F2628F89EFC08CADAD47974,KKB,8,0.12146928,2022-02-01 13:28:43
0xC984DA87897A8C0DC92085AB7F21ACC17C89B788,RGN,5,0.070696225,2022-02-01 13:29:04
0x54447D2F752C5C8552728E5A84D03461CEC77FCF,RGN,5,0.06495715,2022-02-01 13:28:58
0xE2BFE6D309E9F4FF8161DED2BC831FD660F1ECE7,IOG,6,0.08078582399999994,2022-02-01 13:28:46
0xAF82278A8736E6472028F8371FE9AE0BCBAA414D,RGN,8,0.06296404656929243,2022-02-01 13:28:59
0x7F2B9762F5A676AE62DBC04709A1C28B3BC26071,RGN,7,0.10197170999999994,2022-02-01 13:28:56
0x7C771E0BA397EC3753B1E059A40D53A0532714CB,RGN,8,0.104781502,2022-02-01 13:29:05
0x7A8B2803898AE1AB9D57C8F79522F2172F3E34D4,RGN,5,0.078986,2022-02-01 13:29:02
0x7E823A0715AF103A10AEA25C473391AC95BE6D91,RGN,4,0.049266866,2022-02-01 13:29:00
0x37D02273B1C43B93438B7E4F3E4C9D02873FA1D3,RGN,4,0.051881976,2022-02-01 13:29:06
0x9A92AF94EE50CE82AB432CA1D07717C68E3064F6,PT,4,0.048743844,2022-02-01 13:29:10
0x9BC5F04AFD6B90EAF0D04E7FBEA8B94367CC1BE2,PT,5,0.064319475,2022-02-01 13:29:08
0x18A4A90972B5512B72B9EE4084A604259E34EAF8,PT,5,0.06750785,2022-02-01 13:29:11
0x6098ED1F212CA2EE6D971253AD41F461159A2BDC,RGN,5,0.06750785,2022-02-01 13:29:03
0x7993166F27641B022342A5B0A529368CA4CB4BA4,EBIT,5,0.071971575,2022-02-01 13:29:20
0xB420E155E01EE9A0CDF9E9C7C47B4487879DE485,PT,5,0.073246925,2022-02-01 13:29:12
0x4906A29FB9817A78700F034B22C0F69ACCF1A6ED,PT,4,0.05031291,2022-02-01 13:29:09
0x8BFADA92FDB87B8082128EB388373883C304B1A0,PT,4,0.05815824,2022-02-01 13:29:15
0x9FCC003B5567B309B0EA03A9BE1BCCA63B34146A,PT,6,0.08379513599999994,2022-02-01 13:29:17
0xCBC87AD1D152EBCFC65A70CBE540C61AA3363A5D,PT,5,0.066870175,2022-02-01 13:29:18
0x5D5C2F9A493145399B8657B5398800CC4F63D615,EBIT,2,0.1551392373049453,2022-02-01 13:29:19
0xC3B2BA44D6C0D0EB0009FEF1A9BE498443E25AC5,EBIT,5,0.07005855,2022-02-01 13:29:21
0x09D5322763F3AAB94B6F61693E1035E64B1F1EAB,PT,7,0.10370567199999993,2022-02-01 13:29:13
0xB40DF2869928147280EF458550A91B30E4AF7579,EBIT,8,0.108708038,2022-02-01 13:29:22
0xB4AE422B438EBBAAFCAB1CDA734AD983E924352B,EBIT,5,0.07260925,2022-02-01 13:29:24
0x6356996BD6F407D6714349F932CDACBC2E2A5108,PT,4,0.05815824,2022-02-01 13:29:16
0xBE58E9DEC3155A0CE3FBCFDA6FC96F4DD41E4556,BBG,8,0.11165294,2022-02-01 13:29:25
0x7B1E407CAF8C1CC8373BB7C73935D3D1C7883380,PT,5,0.0687832,2022-02-01 13:29:28
0x98A390AE2B7D0FB1711E15CFAB0787B694969428,PT,6,0.07326254399999993,2022-02-01 13:29:31
0x29C7298D6B63CA733D2A1771B658702A676A754E,PT,5,0.074522275,2022-02-01 13:29:30
0x978B6951A93503F1D8BE62810691C70BEB92FB19,BBG,6,0.08229047999999993,2022-02-01 13:29:26
0x8A3F58BFD1726EEA92495E51A6B815D2AF63A4CF,PT,7,0.09937076699999993,2022-02-01 13:29:27
0xA4B9DE0D4AF521671E7A57A92C63FE2A901B7418,PT,4,0.047174778,2022-02-01 13:29:32
0xED11CBA5047CD0A242C654022851258999D5E7E0,RSBBI,5,0.075797625,2022-02-01 13:29:35
0x57B28586486969D2CD00F9519289B64C45334E7E,RSBBI,8,0.099873332,2022-02-01 13:29:36
0x83506746EBB9A4415D2A013BB805E3E7BB989A65,PT,5,0.0738846,2022-02-01 13:29:33
0x6B3FD88EB3DE2060D62A22A1A80CCC67CA0C4194,RSBBI,8,0.110671306,2022-02-01 13:29:42
0x20E18B947E01FEDA29582CB6F1043B23F4EC3DA8,PT,5,0.06750785,2022-02-01 13:29:34
0x399E9B62CCF60542033020675202C99AD69811AA,RSBBI,8,0.104781502,2022-02-01 13:29:38
0x27247D30587A8D993B0F3066A9C00C3FC3F1B87A,RSBBI,6,0.07702418399999994,2022-02-01 13:29:39
0x2291B268CF2CBDE88950A60B48C6C184B77276A8,RSBBI,5,0.078986,2022-02-01 13:29:40
0x4F275CB848C4C9C6DD616539F572F71E38143D7A,RSBBI,7,0.09156793799999993,2022-02-01 13:29:41
0xC0215AC4A1FD188F9A08648F6991AC2F436B304E,PT,6,0.07326254399999993,2022-02-01 13:29:43
0x530E73EC90B43198DEF99986F1E210A9E87EC48D,IOG,6,0.08830910399999993,2022-02-01 13:29:50
0x55CE8E594808A5E1B7AE5A8F205C353C9DE238FB,IOG,5,0.07771065,2022-02-01 13:29:47
0x231FBFCCB920063584E8393940BBB75073E2886B,IOG,4,0.05292802,2022-02-01 13:29:51
0x99A53E49404ACF0C32FED394B7E42FDB0D41716C,KKB,5,0.064319475,2022-02-01 13:29:48
0xBD3971F420600B15CE3F35EAFE83788ABA7448D9,KKB,7,0.08983397599999994,2022-02-01 13:29:44
0x14D9DD1709AB38A7C6FB16179B1BB9B2434BDC19,IOG,5,0.078986,2022-02-01 13:29:55
0xFD4CA8F745055060EF10AC89CAD0AD110BF6A6E6,IOG,4,0.049789888,2022-02-01 13:29:52
0x1B8F006E7BE4C3BFECBA7EB4ECFB99A795B3C542,KKB,8,0.112634574,2022-02-01 13:29:45
0x587D51C8A28C75AB1759E1515953C85AC11CB8E2,RGN,4,0.05031291,2022-02-01 13:29:56
0x46F64AFC6CFBC6BAC0E9AC9FED7252C911508803,IOG,4,0.049789888,2022-02-01 13:29:53
0x574BC57D732F2A2C6E4AF39163D4C5DA582CD1E3,RGN,7,0.11064151999999994,2022-02-01 13:29:57
0x3CD084E56A516955D0148872C5C0B20EEDE1FB7C,RGN,6,0.08981375999999994,2022-02-01 13:30:00
0x06A047E428C7BF353F6A11CB4849CD6D57F29B88,RGN,4,0.057112196,2022-02-01 13:29:58
0x55B3E03ECEF58E792B7B0C2050DE6B2AA9B8A8DE,RGN,8,0.07307410857262776,2022-02-01 13:30:04
0xD066EB1DB76B94D5F3FDE0CDB2A0B0B97B3804B1,IOG,6,0.08981375999999994,2022-02-01 13:29:49
0x31597F8BA4175CFD17376611D4BD75C412805591,RGN,5,0.077072975,2022-02-01 13:30:02
0xF0456949FD7A150858EEB2BE831E43AD794AD773,RGN,4,0.05815824,2022-02-01 13:30:05
0x667899DC63BCC12DB5E7FA778D328968EA26CA68,RGN,8,0.120487646,2022-02-01 13:29:59
0xD61B8A27FDC4912062A29D2DCE8BA3F43EA834DD,RGN,6,0.08078582399999994,2022-02-01 13:30:06
0x5BA5D4E8D5BE9EE14A66C000E24B7E423997DC46,PT,5,0.078986,2022-02-01 13:30:13
0xE8BDD30C81E50145E21A592357B3753A7271DE24,RGN,5,0.078986,2022-02-01 13:30:03
0x136825A6D1A5F683329E7913C833A2BB460E37DA,PT,5,0.07260925,2022-02-01 13:30:07
0x398BE1A171B0FC0D2EB9B6CAC80AE4270018DC2D,PT,6,0.08981375999999994,2022-02-01 13:30:10
0xD8B10D8F3BBF797AEC8C1FC1909DEC97841DDCD7,RGN,8,0.11165294,2022-02-01 13:30:08
0x2BF454FD4E1767BFEE13CDC3848A6982C5EE9434,PT,5,0.078986,2022-02-01 13:30:14
0x096B0FE781523EBC2E9A5E8437F851B10C63EBB8,PT,5,0.070696225,2022-02-01 13:30:15
0x24DC2B6AEE1C542950BDEEACDD33490A6EF18853,EBIT,4,0.052404998,2022-02-01 13:30:22
0x6196080AC544084531CBFBBDE78188EC8A6C57EA,PT,5,0.065594825,2022-02-01 13:30:11
0x563B3D2C1290BE127F2E96E280E5BD8D328A961B,PT,7,0.10023774799999993,2022-02-01 13:30:17
0xA004CEC90B232A0B2D39FC58C221A59B5E877A64,PT,4,0.047174778,2022-02-01 13:30:18
0x22C44A8D18673542E5856D9341673114381E60F5,PT,6,0.07702418399999994,2022-02-01 13:30:12
0x76BCE7810F5517B3F6461EB0106CED31DC668C52,BBG,8,0.10674477,2022-02-01 13:30:26
0x4C587F94DBF5E404DDE6A6138241FB0312FEDF02,PT,6,0.08078582399999994,2022-02-01 13:30:19
0x4D159D2B5D5478576117F56A071E4DB5D49EA4AA,EBIT,5,0.06750785,2022-02-01 13:30:24
0x4308CC85D8BE507E6F33A2518F7713D9D00B2394,EBIT,8,0.108708038,2022-02-01 13:30:20
0x3AC0AE40BA62834D95BF3B57E24452D3A0456AAB,BBG,6,0.08981375999999994,2022-02-01 13:30:27
0x04B9FD69991B1F5297763BBCDD9C1D2261526BDA,PT,7,0.10023774799999993,2022-02-01 13:30:28
0x034F18445717B4F0FA28EFD1F47061FE94E90363,EBIT,8,0.103799868,2022-02-01 13:30:21
0x00C075A4271CFFCAD123DF4881469BA255FE414A,PT,6,0.08830910399999993,2022-02-01 13:30:31
0xD503D202AD7382A71DDF74EEFAAFF3D98B7D0A0A,PT,6,0.07551952799999993,2022-02-01 13:30:29
0x23C6C8E1A5A902F0F4704E23EFEBDCFCC626D24E,PT,5,0.074522275,2022-02-01 13:30:35
0xF83A342718E762142E159BD33A7C1A2EB88AA2D3,RSBBI,4,0.051358954,2022-02-01 13:30:36
0xA96F134E87C5B8ECBFC90397818206B5B8F46EF9,EBIT,5,0.0636818,2022-02-01 13:30:25
0x01C9711A2E56AD71326C73E9C179CCAB668577AE,PT,5,0.0662325,2022-02-01 13:30:32
0x4AC96E6D2334FC8C47D63A52AB96DE21AC366851,RSBBI,7,0.09850378599999994,2022-02-01 13:30:39
0x93883B70C51A0A2126234F0788B2E118D39BDD33,RSBBI,6,0.07326254399999993,2022-02-01 13:30:38
0x85D4A60B72BFD20D7E4B70CA0FF4C76E4C69BEA6,PT,4,0.048743844,2022-02-01 13:30:43
0xC025CF7E2CE276988B34A8B829B082B07621939A,PT,6,0.08304280799999994,2022-02-01 13:30:33
0x81F642ADA32B94F50180CAA9A6E604111A70268A,RSBBI,8,0.09692843,2022-02-01 13:30:40
0x8A330A6D695ED21528EED436D0302B49634E18A5,PT,5,0.078986,2022-02-01 13:30:34
0x88878D079A02E1B978AB15447136890DCF91F269,RSBBI,7,0.09416888099999994,2022-02-01 13:30:44
0x4DA89C0D01692A692EBCFEBB4D796EF8F4DDBD97,RSBBI,4,0.045605712,2022-02-01 13:30:41
0xB36B9C83C914DD8EFD4FFB3DF4397C01298A9609,RSBBI,4,0.057635218,2022-02-01 13:30:42
0xFA550C2E24EC52F47A27BC559E96E549CE52E0B0,KKB,4,0.05292802,2022-02-01 13:30:47
0x3C7317A87CFA3835E323E1192E6D03543CA0A0AC,KKB,6,0.08153815199999993,2022-02-01 13:30:48
0x94DE88F16C78378554C39D756ACE5E1AE0C93FF9,IOG,4,0.057112196,2022-02-01 13:30:51
0x14E5C36ACD97BCE8893CDA3FEAB2E0EF0B5E01FC,IOG,8,0.112634574,2022-02-01 13:30:54
0xFC5857258C072660EEA3D69341B618CFC95FF182,KKB,8,0.1018366,2022-02-01 13:30:46
0x61ED159A38F83DF8793F0911C436419169B887C1,IOG,7,0.09590284299999993,2022-02-01 13:30:49
0xA8CE14FDA371D2DC590A016C1B823FBF25C85D56,IOG,4,0.051881976,2022-02-01 13:30:55
0x0E48CB09CAFB9454638072F16B85A7254A67118D,IOG,8,0.115579476,2022-02-01 13:30:53
0xBF42F0CAAD4E1E7A747B78BF3A908A40B566760A,RGN,8,0.12146928,2022-02-01 13:31:01
0xB5EF6B39D57D9740C5EE2D536DA3C3E9021A6C43,IOG,4,0.05815824,2022-02-01 13:30:56
0xF4BD95E5D1A67225985F844D49A666A43D153E0A,RGN,5,0.073246925,2022-02-01 13:30:57
0xE38BC5D78E1E1C3F93ECBD3AA4D45451A29D5CCD,RGN,7,0.10890755799999993,2022-02-01 13:30:59
0x5EE520255C299AB4D4FE8FDBBCF99BF548E0D836,RGN,7,0.09070095699999993,2022-02-01 13:31:02
0x9D38E5ECE62A1FFF23C7321B3142DDF0BBD2D984,RGN,4,0.05815824,2022-02-01 13:31:08
0xBE0EE38FE8377CB2A4A8CF8FDA1A8A68755C8AA9,IOG,5,0.074522275,2022-02-01 13:30:50
0x33C6E9E440FC5689AE9E8BFEAD33DFA022469F2C,RGN,7,0.05633543427223211,2022-02-01 13:31:03
0xA01895354A576EE2C13B845E22DC2993A077E011,RGN,8,0.12146928,2022-02-01 13:31:00
0x99960EE1C50EB2E80FB23AB75CBD4F2FAC4A3CD0,RGN,8,0.113616208,2022-02-01 13:31:06
0x4D85793EFC067BB30CC845F97614439CC83309E7,RGN,8,0.104781502,2022-02-01 13:31:09
0xCABE3ED68E1D584E19A775F872D7AE69E59FC7F3,RGN,5,0.078986,2022-02-01 13:31:04
0xCA8DAA003795DE21F73790F25C4565847285A20B,PT,4,0.049266866,2022-02-01 13:31:10
0xB8B67F6DA347555AD5510B1A2D31215DE3B9F175,PT,7,0.11064151999999994,2022-02-01 13:31:11
0x2452599C389E3728B421C4FD4E03E36BFE4ED95B,PT,8,0.12146928,2022-02-01 13:31:12
0x54ADC087911D138D2B84F25FE4DA0D56F188D65E,PT,8,0.12146928,2022-02-01 13:31:15
0x2EEC090CDD4965F4F2C5F103D77DC48CF5D0463E,RGN,4,0.05815824,2022-02-01 13:31:07
0x100865B7FFFDA6361A5248330386E437421F2029,PT,5,0.078348325,2022-02-01 13:31:16
0x2623FF2C7BA102D199B473AF04BA5D0627A52AE1,PT,7,0.10457265299999993,2022-02-01 13:31:19
0x6122E4AD36AB2CBC0D998D2687BA9077F73F4CF8,PT,6,0.08229047999999993,2022-02-01 13:31:14
0xA8FF5E8F05DAE77068659FC44BD3AB42F8E7DD7E,PT,6,0.08304280799999994,2022-02-01 13:31:17
0x336A6D9436939E3B15904FB7E605C4A3AF1C0D58,EBIT,6,0.08981375999999994,2022-02-01 13:31:23
0x94ECC1FF6E96428C80D2991E05E67AA7201EBBCA,PT,5,0.0713339,2022-02-01 13:31:20
0xD03436E499CD90EC714657DF782E287A8A0E5951,PT,6,0.08454746399999993,2022-02-01 13:31:21
0x6294865667619A5A02539F7459C54D6D01365C43,EBIT,7,0.11064151999999994,2022-02-01 13:31:27
0xBC7BA2848814897F18D45142B545139FA4C57D32,EBIT,6,0.07702418399999994,2022-02-01 13:31:24
0x2BC9C0F8AFFC77BCE593929FB06CC63787CD8D4E,BBG,8,0.11165294,2022-02-01 13:31:30
0x949F380E37F7A93787BBD3A5BA4B331CC50D990E,EBIT,4,0.049266866,2022-02-01 13:31:25
0xF94C51AFC2615003B8BD2D518F519538E8D92E51,EBIT,4,0.056589174,2022-02-01 13:31:22
0xC71A0F9767712FD563C4592DB1AF64569E494A86,BBG,4,0.05031291,2022-02-01 13:31:28
0x686B6564BBA956C9D70A1BEF22578DC887073CAA,PT,5,0.078986,2022-02-01 13:31:34
0x24B21B05383B261D790FA479BAE14D8E5BB3FA7C,PT,6,0.08379513599999994,2022-02-01 13:31:31
0x23CB8B43880DD4AB7EE2FBAC5467BD7ACA6A8410,PT,7,0.09503586199999993,2022-02-01 13:31:32
0x73587F8CEEFADE323141049DC5BA2B4689D2E033,BBG,6,0.07928116799999993,2022-02-01 13:31:29
0xBC457192C05E19E8A706DEA564DB1EF5DE646A01,RSBBI,4,0.051358954,2022-02-01 13:31:41
0x497BD29F045042FE35C248B3AA1E0A838BBC7E08,PT,5,0.07260925,2022-02-01 13:31:35
0x7D93FEEB03B7ACD11A26F57F51A0A3F2A33B0367,RSBBI,8,0.12146928,2022-02-01 13:31:42
0x67AC60EE596FEC21E10B982E254414A14C3B89C0,PT,5,0.063044125,2022-02-01 13:31:36
0x9FAA549CDFF4ED3A7B9D4E0F759EE7891777F923,PT,4,0.051881976,2022-02-01 13:31:37
0x378C9E3A70DEA10C67A2E42FFB768C51D2BF856E,PT,4,0.05815824,2022-02-01 13:31:39
0x762809774B7E321BE00C82B1B59F8DD7B9870111,RSBBI,6,0.08304280799999994,2022-02-01 13:31:43
0xE1EFA7196E3C9AA211CBA4BF1146E5F5BB88A80E,RSBBI,8,0.097910064,2022-02-01 13:31:40
0x8AFAB6FA9D50BEA0C2C424E05C5683F49D22C889,RSBBI,8,0.12146928,2022-02-01 13:31:45
0xA11CA42B883849C94A86E48AE402C5050A21CE0F,RSBBI,7,0.11064151999999994,2022-02-01 13:31:46
0x06446B17CCD9E18B2E2BFABAD3B81A003DE8344B,RSBBI,6,0.07627185599999993,2022-02-01 13:31:47
0x3310A4150B0E9AF0D1FE00649BB8AB58C8DB5801,PT,8,0.112634574,2022-02-01 13:31:48
0x40D636D7CC9D880F8CBF077AFF0DA26C0052054D,KKB,5,0.07260925,2022-02-01 13:31:52
0x04B915AD2D17D79A401E1AAC0B170CB38A518C01,KKB,7,0.08743491899999993,2022-02-01 13:31:49
0x7179045A661D1F14B0474D6CCE9FBD23E84446DC,IOG,8,0.100854966,2022-02-01 13:31:55
0xC9AEBDE0F693BF2BAB506E5E4FC7C0484BD0D6D3,IOG,4,0.048220822,2022-02-01 13:31:56
0xDF209E0FA50F017B10254964A210AFF025E3260C,KKB,4,0.045605712,2022-02-01 13:31:50
0xB610FCBEEA37D552815A58EE249DA08DBBE22A0C,IOG,4,0.057112196,2022-02-01 13:31:53
0xB815AA9EB051030241BC8462CFA31C32B1FF6683,RGN,8,0.119506012,2022-02-01 13:32:02
0xB823C8E97F631BE4B4B5534408C51247582C11DF,IOG,5,0.07260925,2022-02-01 13:31:57
0x08651C8D081CFDADCFD37C110B3E426568C0E3B9,IOG,8,0.1018366,2022-02-01 13:32:00
0xB91D720E176EC5ADDC3DAD7D64C747F902A0E357,RGN,6,0.08454746399999993,2022-02-01 13:32:03
0xC553AEF70009004B8FC21FB53937F2539CC1085F,RGN,6,0.08981375999999994,2022-02-01 13:32:01
0x71E11CAA9FF43C53F742F3B859FDE78A06287AA1,IOG,8,0.12146928,2022-02-01 13:31:58
0x1530ED61B10FC2D655E075BAF729A3837A2E2FE0,RGN,7,0.11064151999999994,2022-02-01 13:32:04
0x81FF22241023D7954915EA2447704D293EACBE84,RGN,5,0.0687832,2022-02-01 13:32:06
0x101E75E210DE7D6B0FDD87998BDB7FB5A9C4955C,IOG,8,0.109689672,2022-02-01 13:31:54
0xFC51568FC34053486EAC4490F8F396F080B41542,RGN,5,0.070696225,2022-02-01 13:32:09
0xB84F22AD75CB849EB5475C4B36CF849E2E101C0A,RGN,4,0.054497086,2022-02-01 13:32:05
0x15E44D4DCB0565EF98B9C3A0C63F60DE5F12C1CC,RGN,6,0.08755677599999993,2022-02-01 13:32:10
0xFCAF68ECAB29BBB194F118CFFBBC78958073DEC8,PT,7,0.10283869099999994,2022-02-01 13:32:13
0x05DB4AE3469641248911E38EDE667626D777A29C,RGN,7,0.09156793799999993,2022-02-01 13:32:08
0x865C2F1246B343C971AEE58D4E4BC8E2C0568741,RGN,4,0.051358954,2022-02-01 13:32:11
0x67EDEA744C83FBD9CC19E0131708065E8097310D,PT,6,0.08906143199999994,2022-02-01 13:32:14
0xFF4D123E490C152CC34B26E320484E4A4C53DA74,PT,4,0.05815824,2022-02-01 13:32:17
0x0124EFB6B7D71878FF62D6FADA2F7C0C0155AF37,PT,5,0.0713339,2022-02-01 13:32:18
0xE5F3604399B6E1599770176ADBD0916E5151B71E,RGN,6,0.08981375999999994,2022-02-01 13:32:12
0x7AE2838582D280753443AF03E01F9BD695EEF527,PT,5,0.0713339,2022-02-01 13:32:19
0xC2338BBFE0438CA8E26929ECACC1546A05BA471C,PT,5,0.074522275,2022-02-01 13:32:24
0x4C1B4AED1E3B228A10B70D329E61F05CCF3958B6,PT,7,0.10197170999999994,2022-02-01 13:32:16
0xFEBD2A59B8B56B72E29C068AE67E973263A6044E,PT,5,0.078986,2022-02-01 13:32:22
0xEE82F8397784E38ECB450289020EF9D03111B630,EBIT,5,0.070696225,2022-02-01 13:32:25
0x04537DA23710CB4441C12EABFD600CCA98A66CC9,PT,6,0.08981375999999994,2022-02-01 13:32:20
0xF61169F8C89276271E4A79A1B2EC9D44418CCA03,BBG,4,0.050835932,2022-02-01 13:32:31
0x451CA22F1F2C7D8256FB037B9E08042B061A2748,EBIT,8,0.12146928,2022-02-01 13:32:26
0xE0C4654C122CFFB0977B73686DB9F5621808EB56,EBIT,6,0.08379513599999994,2022-02-01 13:32:27
0xC397441FD932BDBDB0230F45D2CE8F73D83A095B,EBIT,7,0.09850378599999994,2022-02-01 13:32:29
0x9664C856CBC49AFCEC5EB9AE7149CE73CF5BCADC,BBG,7,0.08896699499999994,2022-02-01 13:32:32
0xC2774A9A56600187121E658427198E11ED5D3972,PT,4,0.047174778,2022-02-01 13:32:23
0x033E85AF4DBE65994CAD7616F0C13BDCD7B33459,BBG,4,0.0476978,2022-02-01 13:32:33
0x7CBAE2AA25931D5351732ED487B4A88AEF840079,PT,5,0.069420875,2022-02-01 13:32:36
0xBA45071C856A05A232BF6FE240BDD8E48385890D,PT,7,0.08896699499999994,2022-02-01 13:32:34
0x798A98BABC220757820A8A205B617C0D5679129E,PT,5,0.069420875,2022-02-01 13:32:37
0x1A4F270F4766D0B8EF914BB761E2BCCDB696751E,EBIT,8,0.09692843,2022-02-01 13:32:30
0x8AF2BE1226DB88EB9970DD5F20EBDACE1484746C,PT,5,0.07260925,2022-02-01 13:32:38
0xD551D24ADCA5D4088D0952EA40D4ED10A1284086,RSBBI,7,0.10804057699999993,2022-02-01 13:32:44
0xE73908008C52CF40F7CDCDDEC365C27DBBD1D417,RSBBI,5,0.068145525,2022-02-01 13:32:45
0x2B2B34A11269F31D30AACEC44381BCDFFA2B3EC6,PT,4,0.046651756,2022-02-01 13:32:39
0x3278DE03255D66A388A14D5629293C1C4AED8346,PT,6,0.08981375999999994,2022-02-01 13:32:41
0xFB2A46F6E313D9229E2734478D5800BA15E765F3,PT,5,0.07260925,2022-02-01 13:32:50
0x238A71643859B6A4F055ABFDDF53FC94634F5F18,PT,5,0.075797625,2022-02-01 13:32:42
0xBABC693293FD5641454F7369832E6CDDDE021E5D,RSBBI,8,0.12146928,2022-02-01 13:32:43
0xAE92B805614AEE2AA1BAF70EA13CE51DCB94B56D,RSBBI,7,0.09503586199999993,2022-02-01 13:32:48
0x1A302B08ED478DDA0D2BE72CEA55233F5BD37DB2,RSBBI,7,0.11064151999999994,2022-02-01 13:32:47
0x8890E23BF6E106AA573829A10700D9A541C75285,PT,8,0.104781502,2022-02-01 13:32:51
0x6CC7EC57559B348EA09DA530929EB4D96E8A3F5D,RSBBI,6,0.07326254399999993,2022-02-01 13:32:49
0xE8F3D24AEF40DCC5B681059B87B03C4712CD26FD,KKB,8,0.112634574,2022-02-01 13:32:55
0x31CB3451D9B3CD52A08EA8887701811F88940BC0,IOG,4,0.0476978,2022-02-01 13:32:58
0xE0BDB4E522E1993FA56DBB242CD60F5D58A4DA27,IOG,7,0.11064151999999994,2022-02-01 13:32:56
0xF175B55CA2AEFD28F6CF7E3DD1426DD28D3FE506,IOG,8,0.099873332,2022-02-01 13:32:59
0x6F6CEBAA2DC2EB048DF0AF5FF4352EC7395ACF5C,KKB,5,0.0713339,2022-02-01 13:32:52
0x90FD8858D6C987A0EB1F01C91307E1418DB81186,IOG,4,0.05815824,2022-02-01 13:33:00
0x1C4B1697C06209E347E886000FE63E3E3F76A417,KKB,4,0.043513624,2022-02-01 13:32:53
0x52D1C29713B3D4A1C2E08FCB5EB3F62619564578,RGN,5,0.078986,2022-02-01 13:33:07
0x8C40FEADAA63A9D2A2F8B2B095191F6F3C88731E,IOG,7,0.08896699499999994,2022-02-01 13:33:03
0xA74FA5FFEC0F54634B5891CC36B4A2E0ADBDB8A8,IOG,6,0.08830910399999993,2022-02-01 13:32:57
0x25BD344AEEEEA32B07B982B9E7FBEDFC580F14D0,RGN,4,0.048743844,2022-02-01 13:33:04
0x0849ECA8A0A9A40EF811972CE47302DCC2169B1B,RGN,5,0.078986,2022-02-01 13:33:08
0x0D06104C7FE2DA096CDF15AAB6E3BD48BFEDB332,RGN,5,0.0738846,2022-02-01 13:33:05
0xE25FA8276332FFD5100CC019A43D5D23B59B67F7,RGN,7,0.09590284299999993,2022-02-01 13:33:11
0xFAF6A2FE0D842A9E2E6327AC904A45862432DCC6,RGN,6,0.08153815199999993,2022-02-01 13:33:12
0x0573D6EECE8A94FA3F7F2490ED20DFD61A1072A9,RGN,7,0.09243491899999993,2022-02-01 13:33:06
0xCD43844F62E5E775680178C4861C467936006EF4,RGN,8,0.104781502,2022-02-01 13:33:13
0xCD43E3CA9F508A01553951D3870B6B9CBC7AEB86,RSBBI,4,0.046651756,2022-02-01 13:33:20
0x22D3AE20387DF461E9B51B0215C4E80644173610,RGN,7,0.09330189999999994,2022-02-01 13:33:10
0x93ECB8E84EF35B851B483FAD1538C5D2091E408C,RGN,8,0.12146928,2022-02-01 13:33:14
0xFBACC153018B69B03F3DC5FCD3DCB6CCF87E65BD,PT,5,0.066870175,2022-02-01 13:33:17
0x2D7E0FEC681F3FAD13C603AEEE735217FAD99D6D,RSBBI,6,0.07702418399999994,2022-02-01 13:33:21
0xB255CCB07B9848A1D5B1F7E84818DCF6EFC24E37,PT,7,0.10717359599999994,2022-02-01 13:33:18
0xDBBA550AA6B18BFA04A92DA75160201AC2DD36A4,RGN,3,0.05112798504900037,2022-02-01 13:33:15
0xFCB7B4249D1ECF808C944F6CE3EDDCA156D79DA2,EBIT,4,0.053451042,2022-02-01 13:35:57
0x8BA0CE761036DAEF46EFCC6F7B691FD3384B4A17,PT,6,0.08981375999999994,2022-02-01 13:33:19
0xC058E98F19399AEFB5B4C95D419E2E0AED804E30,PT,5,0.063044125,2022-02-01 13:33:43
0xD9739B6C33E90B86FEBE1F08CB8B9EDC0C8F1C39,PT,7,0.09937076699999993,2022-02-01 13:33:47
0x5F7BE6AAF7197B34249EF9FFBF0D197F4AE08E62,EBIT,4,0.053451042,2022-02-01 13:35:54
0x86146A1F9C9FB4030E739BF95311D510C73F3B66,RSBBI,5,0.07260925,2022-02-01 13:35:58
0x24A247E8299602D74C7FDC93D5140D8577822BEF,PT,7,0.09243491899999993,2022-02-01 13:35:48
0x487B0126DE1499D1CA50499C9E76A35B8E851553,PT,8,0.110671306,2022-02-01 13:35:44
0x55F2A0812A42402F496563D8F8FCD53715F1BE0A,EBIT,5,0.078986,2022-02-01 13:35:55
0x771F81A3481AA111CA38FFFC2E3BDDC17521CA72,PT,4,0.049789888,2022-02-01 13:35:49
0x065DFD049603F5706AF949DE955B61DADDA0B74C,EBIT,6,0.07627185599999993,2022-02-01 13:35:56
0xC43F007784D07268F4ECB112414A332B58767B33,PT,5,0.064319475,2022-02-01 13:33:44
0x41461C1AE502CAFFF75242645BB76E0D01BE22F1,BBG,7,0.09503586199999993,2022-02-01 13:35:50
0x2BE19A9EA719B6FFFB3E99C7097FC55942755778,PT,8,0.12146928,2022-02-01 13:35:46
0xB911647523C9B9C047052DE7A42C3744AE88F161,BBG,6,0.08078582399999994,2022-02-01 13:35:51
0xE8480A4A20A4AA4F7AE7963A8D84DE960AE8D425,PT,4,0.051358954,2022-02-01 13:35:39
0xCA9FBAEA0B485DFD96062F6AA426F36D8F09409D,BBG,7,0.10543963399999993,2022-02-01 13:35:52
0xDF8C5530897002177251F836A876BC3C1DFB4DCD,PT,4,0.05815824,2022-02-01 13:33:48
0x63417F220B843E57E88BF3B7FB2099074B73C008,PT,6,0.07702418399999994,2022-02-01 13:35:47
0x58A9A3BA471D1A4DFC465A3033FF37E45671ED81,RSBBI,7,0.09243491899999993,2022-02-01 13:35:40
0x78D1EFE69F3426126CAECB9E33EB57365F4D30C6,IOG,7,0.11064151999999994,2022-02-01 13:33:02
0xE654F773AB70080379A39858DEF876603AF331B2,RSBBI,8,0.100854966,2022-02-01 13:35:41
0x042494B1999EE17759A7A9D5A21E467641C1B037,PT,6,0.07702418399999994,2022-02-01 13:33:49
0x284862BD1C2E5A235D605B1DEEF96D25F010029B,PT,7,0.10890755799999993,2022-02-01 13:35:42
0x0F4B416F50139722C94591F93E70D161A2098707,EBIT,5,0.078986,2022-02-01 13:33:41
0xE81687F90704FF229FAD92314EA571C600AC8072,RSBBI,6,0.07175788799999994,2022-02-01 13:35:38
0x9B4AD5B5DF83F3C3DE733E6F394485E41752B29D,PT,5,0.078986,2022-02-01 13:33:42
0x2E516D19104C430ADA95501EE5B80D4ECEFCF6F0,PT,6,0.08981375999999994,2022-02-01 13:33:46
0xD06F715003CDDA6E02BCB98ACF5B6B31DA1B4F2C,PT,5,0.078986,2022-02-01 13:35:43
0x6633DE9FFEDE455E5C384E5CF5FAB08DA5906221,PT,4,0.057112196,2022-02-01 13:34:39
0x2ECDA37F07E21FEEDE995F8D6448C9091FEF40AB,RSBBI,4,0.053451042,2022-02-01 13:34:46
0xA00CB0FF97A8D2F0A160560BF0C58586D1E7B2CE,PT,6,0.07928116799999993,2022-02-01 13:34:15
0x63C3065B65C74349E9785FC030CDDE7829FD7066,RSBBI,7,0.11064151999999994,2022-02-01 13:34:49
0xF736B3416978F2811E8869A37480F6089BD009F0,RSBBI,8,0.12146928,2022-02-01 13:34:50
0xBD4EA81749D8CD03D85A075CE472F52EDF6E885E,PT,5,0.077072975,2022-02-01 13:34:40
0xD2BD771F384EE607BCF3119A65C4DD4A78549225,RSBBI,5,0.065594825,2022-02-01 13:34:51
0x592247009558C7C8B7B4DB30D174AB59C90BD34D,RSBBI,8,0.10674477,2022-02-01 13:34:48
0xC51567A7ECC9440B25B26CCBEFC3A80558D1E7B3,PT,5,0.068145525,2022-02-01 13:34:52
0x47553816B2C4E811C2353CE5AF4EEEC32E254291,EBIT,5,0.063044125,2022-02-01 13:34:32
0xD9F0E5DC6D0B0234535D90E99D6DA7795D51A980,PT,5,0.066870175,2022-02-01 13:34:43
0x9BBB8E1173120B0F57532B31F3B1203507D7A6B4,PT,4,0.046651756,2022-02-01 13:34:44
0x289625114F4E625F9866660E51B0B3A9A489BB53,PT,7,0.08983397599999994,2022-02-01 13:34:22
0xD92E65A7622C164162AC1FA89D0C173B9C019FDE,RSBBI,6,0.08981375999999994,2022-02-01 13:34:45
0xF639942688A3C4A80B21196024DC073022167177,BBG,4,0.045605712,2022-02-01 13:34:36
0x03BC292FCBEC10F96C835A9FF8584183C774B0B8,PT,5,0.078348325,2022-02-01 13:34:42
0x24A90261C82F87FD67A004F4747F7E4358F9A2B3,BBG,5,0.077072975,2022-02-01 13:34:33
0x160F2FFACD6A18271DE08CB139ED35A4C8058B9C,PT,6,0.08981375999999994,2022-02-01 13:34:18
0x6207DC6E110F5FDCAC64DF122DA8663B70B2A0A4,PT,4,0.049266866,2022-02-01 13:34:37
0xD243B281FE5CEDE4CBCBBD205D309B6C29518669,EBIT,8,0.09692843,2022-02-01 13:34:29
0xF32CAC20F6EB30F129347F1185F971D2DBE6FBD2,PT,4,0.049266866,2022-02-01 13:34:38
0x8FED324AAB430D0C032636DCAE0538705DC4A731,PT,0,0.372963341,2022-02-01 13:34:25
0xD86C4BEE315929FF8CD7FA9F2161AF456F87A321,BBG,7,0.09590284299999993,2022-02-01 13:34:35
0xA39055392892E8BB13388723487549D891F0F69A,EBIT,4,0.046651756,2022-02-01 13:34:30
0x9CAD8861C8A63B558161C2CDD388C8DAC61BA402,RGN,8,0.07101956354657295,2022-02-01 13:34:08
0x8BD0BD1B7917A990659B2C7DFC9C2356F20C0C66,EBIT,5,0.06495715,2022-02-01 13:34:26
0xD76C17C4115DB49F4A73F39C5086B83BEBAF45EB,PT,4,0.051358954,2022-02-01 13:34:23
0xB9DB06F71FBB1ABC98D27F7B950FFB8D2434B698,EBIT,5,0.06750785,2022-02-01 13:34:31
0x27493227D0F6FE5E62EA42615A6FE600BA8780E7,PT,5,0.07005855,2022-02-01 13:34:19
0xA44EF10F2C854BACB0CA37691BA722D3586DFEA3,PT,8,0.11165294,2022-02-01 13:34:24
0x3E4FBA48DEEA299A97CB123250D5A39942F51D24,RGN,6,0.07326254399999993,2022-02-01 13:34:11
0xB36AAAA428CCA89C9269A33D91E58B6120728661,PT,6,0.08981375999999994,2022-02-01 13:34:20
0x89F9693AD5FE88B92213B1F39254093C82034F3D,PT,6,0.08680444799999994,2022-02-01 13:34:16
0x76DE2E598557C126CCA85C1E03EE8DBCEE949A0E,RGN,7,0.08896699499999994,2022-02-01 13:34:01
0xC0C2CF49BAB6FDA11A37EF1CF2CD7CFF1BF262A7,PT,8,0.103799868,2022-02-01 13:34:17
0x30C831DCAD20FF329459590FF3F6C419C22FF838,RGN,4,0.046128734,2022-02-01 13:34:12
0xC971FC8CA91D0CDCEBB330D2D94ABDB23157C7F7,RGN,5,0.066870175,2022-02-01 13:34:13
0x8C016F4EFC752366AF333576DB602DA6AE9CD94B,RGN,7,0.09503586199999993,2022-02-01 13:34:04
0x90D9908400C0808B32AFAC30C64AF008D537B8F0,RGN,7,0.09243491899999993,2022-02-01 13:34:09
0x0425DAB8ED5BF00C6545F13C4DC8442AB9630DC8,IOG,6,0.07251021599999993,2022-02-01 13:33:57
0x337521E449B7941C8003ED8D538076586C539AC8,RGN,6,0.07702418399999994,2022-02-01 13:34:10
0xD93EEDEAAB04A1515DEB446415ECBD74FC9B8855,RGN,5,0.06495715,2022-02-01 13:34:05
0xE41EB30795B6C00A1256F24DDF7E4ED1FE5E9F0C,RGN,4,0.31045231855765165,2022-02-01 13:34:06
0xB246FD6DA307DCD03565BF5CA4C733EF2310BEC6,RGN,7,0.10457265299999993,2022-02-01 13:34:02
0xF400BEECD6DFC57EBB911FF6609B4615DF2B5F9C,RGN,8,0.109689672,2022-02-01 13:34:03
0x8CF57606876BCEB4AC1D0A0DC5DE4DFFAB8AB9CB,KKB,6,0.08078582399999994,2022-02-01 13:33:50
0xB29F23BE091AC72B9C8A8A1B4BC3074F833C025D,IOG,7,0.09590284299999993,2022-02-01 13:33:54
0xCD8C32FCF0E5D9E95937648573A91C9A1F95828F,IOG,4,0.052404998,2022-02-01 13:33:58
0xEA44A519FE0D6342AD5F8D20B4A77D809B258B30,IOG,8,0.100854966,2022-02-01 13:33:59
0x8EAAA7D5237622138505D01A21D9E592874076C1,KKB,8,0.09692843,2022-02-01 13:33:51
0x55706EEACD403D7AD7A528908E05568AE4AB5BF2,IOG,5,0.078986,2022-02-01 13:33:55
0x91EC0F7AFE7E5C53CABF68B6849CD823393A813F,IOG,7,0.11064151999999994,2022-02-01 13:33:56
0x416E6BAFE955EF132BEF0FCB8E4AF98FFA104D23,KKB,8,0.100854966,2022-02-01 13:33:52
0xADA54B9575DCD06CAE275B599ED01F4ECB5521A4,EBIT,6,0.07627185599999993,2022-02-01 13:34:28
0x32FAEF1DF2EEE7122A434D563399E328CCE56ECB,PT,0,0.360696,2022-02-01 13:23:55
0x863CC4188187980DDCB49452FFDE3E9AB8112C7D,RSBBI,8,0.104781502,2022-02-01 13:33:23
0x173AFF8B153D9050A7323C848E15B3BCD7D5C647,RSBBI,7,0.10457265299999993,2022-02-01 13:33:26
0x7457F6DD63672FF74F5C8748E0CCDC36D6363A4D,RSBBI,4,0.053451042,2022-02-01 13:33:25
0x67E507EF24E7E1C2291BB71E0DE983FDE666B152,RSBBI,5,0.078986,2022-02-01 13:33:27
0xA1BE565DA70411409E21ABAA11E7C685B96E8AB1,RSBBI,7,0.11064151999999994,2022-02-01 13:33:28
0x188D811B788F9F5168A780BEDFDCE84F1A13D7A1,PT,4,0.051881976,2022-02-01 13:33:30
0xFBDBE526323235EEF013045F3656D2DDB818FC53,KKB,0,0.38,2022-02-01 13:25:28
0xFD6E8D05186121D584363556505130D7222D92C4,PT,4,0.046651756,2022-02-01 13:33:34
0x1142E065A6615802C82A81D0B8449E7608870107,PT,7,0.11064151999999994,2022-02-01 13:33:32
0x2BA70E01EFBBD2AD0AAB7D2C7DE7BF56C354E86E,PT,4,0.049789888,2022-02-01 13:33:33
0xA3257D81E79AD3AD415E8798DE5BB0E73A461B04,PT,7,0.09937076699999993,2022-02-01 13:33:35
0xA80DBBB6D5167F503456D7EC3856487FEBCC3556,PT,5,0.07515995,2022-02-01 13:33:36
0x57C897EF470392C04390A18780FACB8CC49B385B,BBG,4,0.049789888,2022-02-01 13:33:37
0x20A2A2EDFEE34587501E3B5C8C6BAE0AE5656194,KKB,7,0.10564151999999993,2022-02-01 13:34:53
0x245A0BAC541B2AB3FE4B3754CCE9C926CB2C26AD,BBG,6,0.07551952799999993,2022-02-01 13:33:39
0xBBD3E7DF99D4F76F70A152AD84E8BE221599428F,BBG,4,0.05292802,2022-02-01 13:33:40
0x8FBEE8AB0356ED000CB674CB2DD850733BFD44C3,PT,5,0.0738846,2022-02-01 13:35:37
0xD3DB49AE300CC4138238EBEDC1F2D11C9595F51B,BBG,4,0.053451042,2022-02-01 13:35:35
0xCC21812F68F5D63861A79E72A599B1F59669DB2C,EBIT,8,0.114597842,2022-02-01 13:35:34
0xA5FB7E64D3F958510F20A2D38CF953E8F4BEFFD1,EBIT,4,0.057112196,2022-02-01 13:35:33
0x852435EEC0C2BB6B5AC41F7E7B1ACFBA71A5AF0F,EBIT,8,0.119506012,2022-02-01 13:35:31
0x43880E2D58E10D9E25E36555946FA146C4D6988B,EBIT,6,0.08755677599999993,2022-02-01 13:35:30
0x6DBDC1F8AD759D0E0C4EC99FA4E06B921265039D,EBIT,7,0.10023774799999993,2022-02-01 13:35:32
0x9893F521F7602AD900B05C59DF6C6CB285FED6C9,PT,6,0.07702418399999994,2022-02-01 13:35:28
0xFEEDA2077739C9C219E0E686A633DAB949575528,PT,8,0.104781502,2022-02-01 13:35:27
0x4130930B7B6ADA21D06293A136B25700E77FBCF3,PT,5,0.07260925,2022-02-01 13:35:26
0x1FC57D273CCE0B5C5699215FB79789510CB3B2C4,PT,4,0.04508269,2022-02-01 13:35:25
0xE2F66F22E556319C9300DF7560118A616E19A25C,PT,4,0.05815824,2022-02-01 13:35:23
0xCCD88EECA1AA20EBF8D7D9530982250380A714A8,PT,5,0.063044125,2022-02-01 13:35:22
0x13957CB811B44E23B8DD1CADE07A94FBC9D7D788,PT,6,0.08454746399999993,2022-02-01 13:35:24
0x40933FF8E3A97885DCE5A9D6EAB495397928D713,PT,5,0.078986,2022-02-01 13:35:20
0x2D1C21748A5C491F39C29E0B537CC80BE135E987,PT,8,0.118524378,2022-02-01 13:35:19
0x7F4BC6CA138E1C0B6ABA58246662F431070F3225,PT,4,0.05031291,2022-02-01 13:35:18
0x465B51A1893EAAC3A48EC72AE5FCD763AC475653,RGN,7,0.11064151999999994,2022-02-01 13:35:15
0x153E1C0C96B7476324BD9AB5A7956D4892953024,RGN,5,0.07260925,2022-02-01 13:35:17
0xF0BCC80BDA2364FBA10E279BA677D399125C2C52,RGN,5,0.078986,2022-02-01 13:35:13
0xB1B1F65E6977863C73B979EB02ED947BC4B2145B,RGN,4,0.057635218,2022-02-01 13:35:12
0x0AB259F3CFF43811F6FE2B556C21334BB856CDCE,RGN,6,0.08981375999999994,2022-02-01 13:35:09
0xBEA724DF149D3BF972071500E0BA85D341BB51BD,RGN,4,0.050835932,2022-02-01 13:35:08
0x33976EB78F5CD9F9BB6DE55413336E18182BDA09,RGN,7,0.06545798092218591,2022-02-01 13:35:11
0x180E3D22D6BBD860D153AF5A7C2C456B4496DA76,RGN,7,0.09850378599999994,2022-02-01 13:35:06
0xF33042B57AB24BC9914B69CB07A09D13AAE55EDF,IOG,5,0.07005855,2022-02-01 13:35:03
0x36565A17C8B98AB4FA33A0B897AC691319229C8E,IOG,4,0.048743844,2022-02-01 13:35:02
0x432E9FC98720D5B6A7DBD77E41BCCD1BFE22A069,RGN,4,0.057112196,2022-02-01 13:35:04
0x59A421600C7F8E2154FC2FA850419C7CBF3EE48F,IOG,5,0.070696225,2022-02-01 13:35:00
0xC87C19C5A81CAA06366B9818871256170D8D98BC,IOG,7,0.09763680499999994,2022-02-01 13:34:57
0xC64F14CA17DAD84FAC73B1838156AA2EEA46BCA2,KKB,7,0.10717359599999994,2022-02-01 13:34:56
0x8CC99FBA42E41E3291D84394EA58461A5AAB7117,IOG,8,0.119506012,2022-02-01 13:34:58
0x7CD85275165A5437C9BD8B977DED927728A1CF7E,RSBBI,8,0.12146928,2022-02-01 13:33:22
0x890E9B91FF2F32BB0DC05C452BCA7B37DB534A39,PT,5,0.522866958,2022-02-01 13:25:21
0x3E5081B0856D6A6A7001D7B45089EF012F1BD318,PT,14,0.15106246599999992,2022-02-01 13:25:15
0x464D8EFE0DFD5A4E968BEEB472B07CB6C1A17A59,PT,6,0.5292811679999999,2022-02-01 13:24:59
0xE7F5314B54B565A4A245AE15428E6F9EE3971461,PT,6,0.45852883999999994,2022-02-01 13:25:07
0x8877AACFAF9162ACB2668979AED64E490619B24D,PT,10,0.12857513394805345,2022-02-01 13:24:55
0x29352D0F5FAEA82F339E40024B14205E4B254686,BBG,4,0.286066152,2022-02-01 13:24:48
0x3735443F71249413452DEB0EFBA694929A029586,BBG,12,0.128486442,2022-02-01 13:24:39
0xAACFB4687DFF83BAFAA3B36E0E06CA0E2708818E,BBG,8,0.399873332,2022-02-01 13:24:33
0xCA0822682643D89991DDD8B7A1B43B2BF5483AC6,BBG,6,0.5304561,2022-02-01 13:24:26
0xFE88BD308B48A6510024B563C0A780397088DAE7,BBG,0,3.952983867e-4,2022-02-01 13:24:13
0x7CD7BF5C7DDF4975E4E49DAC451A7AF3A9066D0B,PT,0,0.58388,2022-02-01 13:24:06
0x958C2B7F4BA3A1A521259A76AEA3B124AD2879F9,PT,0,0.476026,2022-02-01 13:23:59
0xD42AC15F27B45BC8A13249130CD73B9645390BE8,RGN,0,1.058315,2022-02-01 13:24:17
0x7851E290BCB068C2B23D715A0AD143D8B82DA393,RGN,0,1.192761,2022-02-01 13:24:20
0xBD51E6BCDEB726A7FD098DFDAB716B1B91BBA999,BBG,11,0.12335393899999994,2022-02-01 13:24:38
0x84276424EDF6DA9AA38A1F780D878915A119E6AE,PT,5,0.604142308,2022-02-01 13:25:00
0xAC62F36C9F216827DA168968F859F12D6559C234,PT,8,0.48674477,2022-02-01 13:25:20
0xC0FB8A9CD317957A0FAF2CDB3FCC61C702C689B7,PT,6,0.07777651199999994,2022-02-01 13:33:29
0xD558BFA5DB5F027FA21D9870EC56FF597726A174,KKB,4,0.049266866,2022-02-01 13:34:54
0xBFEAF4B32939471533F7655AE19199C07F6CCA90,IOG,5,0.06495715,2022-02-01 13:34:59
0x72FF46A7BDF57151B0DDF1B5DBDC59F11AAF4A9F,RGN,4,0.05031291,2022-02-01 13:35:05
0xB117818E21ACE97E058F6E61769420548A85518B,RGN,4,0.054497086,2022-02-01 13:35:10
0x62F71D429BE93FCE8E1F92010621ED1D16104888,RGN,8,0.118524378,2022-02-01 13:35:16
