address,privkey
0xC36cA950B159b5f6db6cc74B7645560D26C20E81,0xded5cfc124528b3c3acaa438c8e7f97e1e55ece4359e2bb5f5a531a1be80c252
0x324545A7023B784E7Db3FfD84eAC97c8300D4684,0xa1c9d6addd0cc21320684401e5d413ae7806c1475bf933d2a8054506535ca53d
0x8CD6A69A6e66aA94630b4DF852B089a2D71F1325,0xa95846b8c9b19338561ea1c06efe147a43f89c36468393732ef98a793aaddb50
0x6272454ED05d785fE9917ccF883e6550AD8905E2,0xd930eeefde22de0f5f37bad0e321c5f410999e641d4ee19a7c67b727eb6ae316
0x9Ddad0d6c8364F21c59FcC307258CCe00d84Bb96,0xc6dc0a4abeb07a3314fe54623c9975d2ee5d9da8e2cb5b93f82f469cf8b31893
0x72b030F75c0197cc85471D867c6F261512e6DB6E,0x8064c6e52f5a70f099ca01b7829a8ff1c67a98ccbc61608bd90fbafc25f6d788
0x642ae2a8034703379E36288b895f673beb5b12A4,0xbcfc903ca504f15c047f7cc2ed00867fb010ba04fd5fb1bb650723477a9d420c
0x78C3d881C33a49198e1Cf74D9F70b56D5a5b21a5,0x368997f8e7e22e51015496034e9bc486d9f6700b23706db7d0f726ad7472835f
0xE72Fb851C52aDcf916863463dc557E692396493d,0x681c3c9a5b9f8815778f03ae2f4f204914df61fdbfa4abc7c85fe0709be5ee9a
0x10532A5D64656d05473d2E0E4B27a927501EEb54,0xd23b6b6fa96409900197ec2aa29e0a525321752a10de30c9b875ec62d15f41df
0x71342622945257B4bdDA1a103e5Bf2fdA9Eb2554,0x6c15a33e6d37a1495b172394f3aeca7d91caa574a6d6cc0e50050b073fe89603
0xC2494b40137627b2EA8A8cF90c3203302E765DCB,0x820815ab0d3fd4c796a1f8bc86b40376b587355255464c1c7aef5efd6da86b92
0xfA067A66e50C7Ef0529AB4F847D02Af2cbed9d80,0xf408e298816a4fde866799570b20330515703c0ae06a9264ad550c51291febe1
0x7FB2b64906d09a8c34CbD3D94D54A696b428De90,0x5008090772101bd78f41e7d918a06dd3e4969a3b5cd238debf59476c8ac34cac
0xe33847d02717674B0c77E67C9020d167C31d55cA,0x9f199cdf462a8342892ab772bf69d5964bee48a79556fe71460acc09e2437b65
0xee2C5ADB4ec36ad98577D6d5f039EA94917194D2,0x9c948c269dfe880bd7f9d3e596d4e45bb4fdd0389245bb2ec57fe01c5d183674
0xE313fa669Ec7283343d51b402825461A0417d6ad,0x72eeb973d160b30978a74dae64c6c0eeb3260ebef3e052ac8d2052df96752120
0x0C3F0Aa96970f482FFB38065312A355513325506,0x7a55022251fcf0c9e95b25ada1a5a78e333973587a307d5743cbe8e4d2e9fbd3
0x67c86eF1D83b9F5B7C2cfe72126730049634C776,0xf22ec6b82e47e44a88b15c524c94acf3e2f0bd589155bdfcffd41e08f57327de
0x52FeFC88eCa8B6dC73aFe491d0413bcf3064e0F5,0xbd7b070eae431a4207e07d736bcbd58511822ee319cce05f12809de79d832676
0xB3EC29A708190624c0efa84C7e64058c3051131e,0xf690cadf9aa2c6e33918c733e85011c4c79afaa7ad6efc75b580c2ddf46d0249
0x9Be99f6d998a1A0AFbf15581d7D3FF18D9c74817,0xd0b413e0b6b6b7bead3da5e3fd28422fff3b4a5016d39ab0bb9c226091ac9621
0xD8534020DdFC239FAC0698b4c140529E2A24525E,0x15e014248295cefd17ffd0779bf6a33c917543d866028658898d6fd6153551f2
0x25d07016e3232C67226E9a85b79775F9ef984b05,0x993c363d7ae26fd0d504e7d40784c7fc6b64ee1fd406d677a251302bd0cefece
0x477298C36add79bbB6d494F47D7bDFD1079669D8,0x745956dbe83f7de0efb7ff519dd43a0997e528fcdb53388460912002db9c2a99
0xEe146E3010176BbF63e5d4E15BE9F81d809E6B38,0x93e82bf0c688404bfaaab650bb4c22b49b3ab97c23c435d86d7f52cbfcb39eee
0x107312A79A8232561a04fd9CBba36ff5F2417955,0xee0fbe5fc5bdfb759fc6662a65d166096ecd3ae381518926b7e393adb00c21fc
0x712035100EEc92C1849369DD0371472c89dd24E0,0x4dd0898c2bfac2a43482e681c54bbee63e6fd30093bca9b16b4f9ba92475e177
0x77d1514Ee8EAC2e509654178B815c0409914676b,0x4f666d2c47c5aa2b013468fc9f2290e2547696ffb71a9690ba208c2b32b1449f
0x36b831FB0C1a4BAf2d422a2eE5e995f66B3A032e,0x6c84ab784a978cb4b080ab89c011c320e0dfcb6636c79bc19b996d8451cb223f
0x2D7279E61aB84A016F3901C44184518EeF5fd188,0x81a2560514db664677fbf401e555267feba039c454bcfeaccd68c917fff780d6
0xEB486696FE49B235e1c39217c314509332204722,0x0111b0ed17a84171bb6a3ac93897bff4f9c90ac4006fed0c818e5d1b2e9f67dc
0x8493f8e5d82F16F7e9D2036a9d9dEc4161B580B0,0xa2e3d43df4e0ee26825002538dc651b4ed936605e7dc8408e5f509423cc10b64
0x1556C881eD40F311987e13B7A7f38f4b6De1BB75,0x476e1eda26311f48fa2c5a5acf4964245977dbacf8e9b52fa2a1b0cc1bb1c351
0xAabf5412CafcD21c5D942bA15E649DacF62F059A,0x327a8c6d2a0c323511b3ab793f65d8489748458403e04744da4db4b9198d90ce
0xD7fD62c7161B34a63cc44d84EEc5aAe9AC915cf8,0xf417c06ad07f524ad9ae73b249fd57214c9aa848711d6d27217f6bfafc109e64
0xE5d1064A997c3618b5e53116156959d0c84c508F,0xb8434087ea5b173055749bd79e5d53e31b9571007ab2635f34a8062ef6a9988a
0x28d221587F0357f8a2bfD206AbCA532159dAd4BC,0xe440dc9cbce1a99541daa9bac986307ee9cba626609d5a927a7588d7aedf8b1a
0x6d21154d27082781806845A9386B970E110ce9B1,0x75fc6398ef3e15a168e74aecc2305bd75373b956ebf5b5b2d89d3bf29ac1f572
0x27aFA9e9C8e43e4E612Dec95faFc48BE549aAC1c,0x9e562473bd96ed5af8491281b2aa2aeeb791c6e3400eef7ca0fe6e0559e3813e
0xCc2a7d672045BC35cD7Fd2644491c182ade329ed,0xe5e58992c4e7aab3d1301dea03aa701e46981fd63fd5db16c80af3735ca61759
0x8947663EBCEA896b0Caf0AfC8f8740f07dA669aa,0x68d6b32cc999b110895e7cc26b777ec27b23974ac83c145580bb799d2c45b48b
0x06C2a7C218Ce1b6279447ED86632900b0Af616Df,0x4990b1a5b374e9bb99590c4b128cb1f71b3724a78acaf8a9a2211246293a294d
0x21BC3a00616832736c18Bd9557474825418e2333,0xfc667fdc51eb354e3569c6775a49d70615b6e18fa024778fd65ba7ff06be26c7
0xE3e1749a4b4D56f3530c876A5Ca94192efBC0477,0x3a44c918fed6f284c9c0151dad0c1c5bcbb97131c81aa7e153451debd32a5cf9
0x58d5C84B8775B61866203a546881c802BFe7E455,0xec9792744a9ec4a6e31a671b66dc8fc31b03180de9af09f718c20b378c33d510
0xa45AdbE4244Cd852fCbDf6857bED404D78abC736,0xce24adf03ee5725c6589bca4fa1e398e75caf9c262ef57334d8d24d26c3e523c
0x0de75ffDFf662B6B8A9Cc7594A9E8dc2C7Bb0D98,0xf8f760354949e6bc0ba48b01e5342d378c1ac1cfaba97d37c646fbb3cc799bf4
0x7092d2A40e478B9eb3Aa2F33E30b58D7D1172979,0x1ca0a743aef4cc3be46d938ac39e423f4b2245b00b70b597b41391ecd34b1ce7
0xB2e4E364F3Cb8395679f2a2c8F3187B152b7B605,0x25c4ecfb01673eda445ecf65401098fa450fb04cd78359621c279cad2b426a84
0x11c35F3623118c8CAf29D3773EFD2c6f0e53917c,0x039213cd748972738fc99bc80edeb408aa66a978c2c72ea41cbd93e4b97b1d22
0x72eB28F4476b0cb80cE647151Ba1332B2089EA25,0x8b1f2712cfeb6e9d58a142b1cbbc6693b96103d6d64ffc5170d56ffc4520e8ed
0xb4114cCF248764f37bF1dbaB6FD495eeEDDc6e84,0xedae8b5b0d07c50b550bee9bc40c3b8861b57dc068ad3e76ce9c3e623bf8310e
0x55BB53753B8B8179565D352De7361DF56c332781,0x99bfd1bd70600e7d79807e2ff333577f9072e38a7a5346d702c02924c887ad69
0x6C7101471534d448c7225466d19F0546A5179131,0x0a02e2d83ce8f89fc2c07d16f052a0a69836e676e7b518c2cfccfbe4ef48b7fb
0xF390703B69035932289a79c26a269298b0452726,0x94195663aa62dd2c6d918e6bc265505fc59e9946a1fa24d91dd1f0a80b26b3df
0x1d2Ef74CFc2a6583274F38b5DD624568091F79DE,0xfe24dcde8d0994d6b853bc3c9447e3d33d6c9eeef4bf2e424d0de17cf30011b5
0xc5e8DeC8ce2e593EeBd88a9401391F8E950E9573,0x9498951e347f10d62176d5644da03a810d03fd39d73933b21fb97e82e74f1720
0xE2eAbF418d0efc5D14c16bDcf416B1649b1D629C,0x74df44bfe3c626956af5f6935c9f0797a1a991652ba1586dcdf17e388336caf3
0x7CD472d88f22DB620d3a48b79084dAA6d802704b,0x83cb85af7e50b99d3a097447cf404f0af9ff4633fe61d5394a39241d4c171384
0xf25cF3A5906326AD9414361A4B0b6730699434C6,0x01b40982f7e66af93de1cb4e0ba113baa70580b628c74eb54e11bfb747140304
0xD7CE38493E88Fa8E1BadA0bB5E07D2d130797279,0x032eae11711f8a809700658a8be0a61ec45bf268736503f1cfcc83a9f2e20867
0x7E1E96e0edfAf961e46490dFb6816E573248dD2B,0x4f87794437dce03bc9f318a5b5358941a8d51a19ac3e98ebfbd8fc6a6e2914c4
0xb73689e1b6a0f42260300587D36451DF5Bf2f651,0xe0e317a3f9584f910a22c1c88fb78e557d22afe878cfa1258b86f061d0c884eb
0xF7b681F994146FaA24E53fa1aaEaEf5EfE8e65bf,0x8441ccf994cb043e07dd579e55d31e5784a7c431cfdb4adb8645e656197df6fa
0x77c1b8519528eE69D564d4a69246Da145f9C729c,0x4d2abaf7fde74c9e555cb1eb2136693b8a83207acf1ec2a842737aeb67ac7dda
0x19bc9BEB5B7CC93d34e6F3E65014ED68893c818b,0xaa03a4227df4f4c86bde6188e5ef8ee60224c06de9858c4fbfdf1367d04d71b5
0xDB4e9abf00F7cD6dcBe8238EeFBBB66DBF00a730,0x1edc1ea65ca071d5f18e1d5c7ed882d549fbb9e07c7b72e7b53ff238618b0997
0xB1641bB9ac2af6E4f8Aa513B6E06A4a3bb443eEB,0x0c12d35978ca3983aca2f448506e50703d9676053ac9f09abeb53f6653989ddf
0x09E35b413090fE5BbC7E7Bfd7506dC6A38E59e7C,0xb721bf1b68ce3480dac4cfd9ff66e495da8131f651f303192a33d1c1c08d4e7f
0x4f40c06FC8Ae9B1e2aBf513982B971d745260d16,0xe89289146ef21eb7dd1883b58cf6bc112a63c3198398c7d2ad62e82852d62ec7
0xe7ba46d7a4c59C349F709A1FE1aD9e3a834A2a1e,0xfae3f3e87312dea3065da552e238361f46abb4970ed7cdd6e3be753e6247803c
0xB1Ad391Bb9B468F23ed64a92fDC27D2593bBC87b,0xf3255df367c943e9977f76b693b06bfaec788b7c431634bd9b0b85e9263b9049
0xf8C7110080489E5c488BDf0E11E728B2B416D87a,0x410f484755a3587ef5ba4616678b90f762e08599d54f034433fceb1b944a61c2
0xB0DcFa3E092bA75D6C9e1aADde13AE64be5A52C9,0xbe9205dc6e908a87fb9a9487b731baf30233b9486cd450cae3ff68c773704cbe
0xc2e3DDe014D0769a8AC27C01bA2577215D8E3EAb,0x371abac0f7a8abe365ca1d06597ef3d364c910cc456f1cda6b9c2e0bf68d975b
0x0fb4F21de00891b421431165e9883CBBB36A9f25,0x20e7e7c554874f7b9365ac3ce5a14b444947a6c0a9684fecc9ba510ecc3a5de1
0x32070eee6adf7Ed3181e00427239f998d931DdA5,0x8097fcbcb3edc8f02f4917d4c37ca6abb864b62023e731edab7485bcc9aa831b
0x475F799AA73Acad3C591a750F7ee23ada04F8D34,0x3ecec8b1c9962a6cf01c5ceaf472ac6e5627b141625005d9e72927177d106715
0x2e5C5bcBd42dA4CCB677600a88e043738bd35a16,0xc5d1abaa84d650ac6e9327d3db40b9a9be5a6fbefd7c7f6f1039f4d5df5a5da6
0x27052fea6d5e4A1604c63A185D8F5F1D620E8090,0xb34b1f254255da2bf9453cb91c6313414c0393e3b80e190b2f2ce39a39fb0172
0x4966eB974D3747F66498EE045a96952fF8Ca838d,0xba396b2c3a53be6261e167c574e8480d5a2faa6a7cab53d21924bd9fc6835cd4
0xa34D6DADb98265ACBf705B950FE72BD34f016E84,0x3c62caed366bdbb30efd78c4ee539a8932da6ca8e382af4d5bf56c4c7d9bb9fa
0xA4019a0424fB26E244aEeE897B68BA275c472B02,0x9709955050d7f8b0f2114cea24cd6c64f6510bcc085e3901c47c5f86b9d8e74e
0x04f6b5e821680C7aa155d4Ca6cabd325d368eD2F,0x83c07abb913b1e56e872590d242812afcfe62f5c09c1877b19a27df587bf9b04
0xbF2C226141bC9a85E129223f6100dc912a7e2B6F,0xb5a29d2dceec1556c1d6063bb99721ee79d5e37caed1d7314a6afe0d4d25b584
0xC052eF03A37de914Fa749A64c89A014f18547fCC,0x07107d5741eebaf29baae6f2d8e786cdd66d775489bca799126326bb0ad025a5
0xa90dCA0055F65b75fb04B95B2f8a67577fdCBAAD,0x8215ba7b33c017bfb4feaa2ed787a65970ccffca92614416b9d0f50f2d36619b
0x8198457D6BfbDDE40EC0247c8FFB30e9e0F110Db,0x4bb097b4b8d0b95a3e418b372acd31cebd5e8d2475fcbaf1a3998c65b982684d
0x09a5C58137F7e2B5dDCc1B3650184F03bf26E4b2,0x98d3afc5e3edb6e414db5a68b48eeb051a464dfecc939e1acb943244892c2289
0x605164176Ac2197535B1eF2D458A305b5CAAcD4F,0x5638f7094476af6ec7ac5fddf1ab1bf4f858208e204aa3a38758a0ca368416de
0x1e86e648ebf990c2b48A4E558071163d1887724b,0x4eeb30ccc7d12a00db3fb407fae806933bfa5771ebad909e0eec1469e4e65653
0x04027795E3AFB063292cf66f08c53ECC8f927dFf,0xb6a5f49a1c957d500c0557b6e798f68397c1a7897ca831490c89612700f13f07
0x487deD4B77377f785AcE461C553716Cd2dD2f659,0x1768dd134c22408b851d1ff05f1247e9cdfac492e94c34a41882da894c2c8d94
0x46D037231C8776C454E0C834D0C3D34d04e3ec39,0xf2ae1148ec47e9ac46652813068fdfa2e7741e7c6b755af7d2ca947db3740f9a
0xB21e66CB7eea86a1b82AcA453f5e57F22a3250A0,0x06ea0f8a14c93b3490c93a2c75637c8f571109971128355cf87a0ca1eb5add14
0xB2c700dF0af850A7742911fD39b3b43a4bEc949A,0xa59cdf184bde44c8867a3ef865c7ea7942027c3f24875fcba600ce4355e17507
0xE24038c64D4c87aF190dFc7aeE936c6872fad368,0x356f7ff6145b46cbe03d5a80edb1da7d5358160cec70be93636ee844ccbc0e87
0x5356b1463126aC73447CdffDD6efeEf97cD9fbC1,0xcd38d8c525088145ba1dfebaa8840512f88b3d0f6e2784cfa3b380c2cf8776ca
0xedBC0a019C518632de3DffEe94D5c66B5E1b356D,0x5efe0345c49d455e6432ddb75a165aa5c169fe8828af7781ee0ac6d909119dce