Public Walet,Group
0x32FaEF1df2eeE7122a434D563399e328CCe56Ecb,PT
0x5402c32CE282F997760c953Ff98CD73C2CCF459c,PT
0x1c34B0608884DF532CD0C436025D4FFB80068aE2,PT
0x958c2b7f4BA3A1A521259A76aEa3B124AD2879F9,PT
0x7341319eC8F17cF78f0D787d3860a60d76840D38,PT
0x144927795Fd6F92CfB446D8f4fF7181751652630,PT
0xDe37c4Cda108B242cBE17bc1fB265ED6425B84db,PT
0xEf16eF22E5162033FF00892171Eb158aF371a292,PT
0x3f3FdeBDFE33Fc72325bD5Fd0FB2CEE5Db71CdCd,PT
0x7cD7bF5C7DDf4975e4E49DaC451A7AF3A9066d0b,PT
0xD06705891cd52810d0228890AA3ae6E8F94E6987,EBIT
0x9A89E6e9c8cd81677e1A9e1cb7D715E93ec49EF4,EBIT
0xB1323558610f3C2d21C81fB7535F51B8048D4181,RSBBI
0x108f149D684E35784751c1Bb8e31113c32cCd935,RSBBI
0xd607b3c6DD41b1a3dF0c198A209d622Cf98592c5,BBG
0xfE88Bd308b48A6510024B563c0A780397088dAE7,BBG
0x977c17089f2e5e4A1cFF1a36480e915636DD3409,IOG
0xC2D20D1C698a9e4cFf6ac1038e261B20E5F83eA8,IOG
0xD42AC15f27b45BC8A13249130CD73b9645390BE8,RGN
0xeBDEe64b75BA4E89f9F40F125f60840B4a44D3B1,RGN
0x0520CB753ec3b3b59CFC831C0b726afb4b768B78,RGN
0x7851E290bcB068c2B23d715A0Ad143D8b82Da393,RGN
0x21dbdfA93298766C472C6e12086A88b87162d373,KKB
0x4b832e8762455e22E8aA52B5d06b9de4bB85333d,BBG
0x12eAEC0470aF64498D12cAdA96650a6dB86Be3F8,BBG
0xDad85a4428e0Fc23D33c8E3bCB3513F83f88fB27,BBG
0xCa0822682643d89991DdD8B7a1B43b2BF5483aC6,BBG
0x15fEc57c08737a37C167060964a6f930a715844c,BBG
0x13fc55B0490aFd6fEa6F2624F9179042ac5F7608,BBG
0x8031f98B8c310beB83C9284F77A91544DD09de15,BBG
0x446e2DaaA01eEf6401Ae6936a83444Be7f355943,BBG
0x6774B64D647C70C8af17da7eb206b884fC9AF8A0,BBG
0xAAcfb4687dFF83bafAA3B36e0e06CA0e2708818E,BBG
0x07C5d51D6Bc05Ec5D2700F5D419C9A1FF9883F4a,BBG
0xd6e6FEDba19fC2418d07bf09dC55a38114B8547D,BBG
0xbE349A5eF37C06aDCFCEBF65c820AAc284896a40,BBG
0xBD51E6BCdeb726A7fD098dfDAb716B1B91BBa999,BBG
0x983866A97c621f826797E333D9b02608de750a0c,BBG
0x3735443f71249413452dEb0EfbA694929a029586,BBG
0x072c4C90Be7B816018Efb1e769b5992bE47ABbbD,BBG
0x3F76b9E9614dE35D487755DDD57B6f807EdE2481,BBG
0xc173920cDeA9AdF6Ae975eD0B3c230821dF603C2,BBG
0xAdaDeec709a51a8CF06a48BaEFfb30bDC04A8151,BBG
0x20aB54663798393308Eba1d2af6dac20C47f8ebb,BBG
0x29352d0F5faea82f339e40024b14205e4b254686,BBG
0xDeE760E538720Fbc4441B1315C9202aE950E986c,PT
0xf5f610565053bC8B289b877dC7bFd4C7acdEb0b1,PT
0x00fcA4D8477Ea1Cb8a50549706589F49c75D9560,PT
0xc8e07Dce4f7FB37b8C27096C292D5650Fc8e6637,PT
0x1F3174Ce78147763Cac9c466879Abdbb563e4dA1,PT
0x8877Aacfaf9162acB2668979AED64E490619b24D,PT
0x9441FAB7c308aCd1ED8e5573b5ef577c2FFE83e2,PT
0xb3A847cb0d069Fa06E6F792F19b4DE17F4638C28,PT
0xf0F2Bd89D8eE89FF1C6401B8E1a404088CFD9357,PT
0x84276424eDF6DA9aa38A1f780D878915a119e6Ae,PT
0x464d8EfE0dfD5A4E968bEeb472b07cb6C1a17a59,PT
0x2D68db225cDD46f788D9DB2E491229f18c118F3e,PT
0x01204906B86658932acCEfBB06744432873a2d43,PT
0x855B446a19cB1f434921EAB51C8718e8014A23C7,PT
0xd0CDfC3f8eB61F3D4e4b0cB3fB50EE4c4821732d,PT
0x611bd4a5076bE595B29F99d25D5Ee99C78fc152a,PT
0xE7f5314B54b565A4a245ae15428E6F9EE3971461,PT
0x3c596B218f34E6a3aD75185fdB07dfd06aFD2906,PT
0x8e315733FfcfF7EeFC41dD666dA79095e0f5aA72,PT
0x48C7A26775EBC99a19281E166d7dfa6377da00A8,PT
0x6CD031695c9745a962E0372C54E398495FB2185e,PT
0xD2AEfCd74d87D2D0f0601885A32c18010C2cF68B,PT
0x3E5081B0856d6a6A7001d7B45089EF012f1bD318,PT
0x0B8618e5A0E9789a62383B7d06b2Cf9e64515c93,PT
0x0a638BC9d22A05C2d47d9354A3Af898e02d66cF5,PT
0x5900Ec22Cf68719bA64efE0CcDC130C3f35F65Eb,PT
0x7ecAcF74420A194F8222d97CDA351d36e1e49ec4,PT
0xAC62f36C9F216827da168968F859F12D6559C234,PT
0x890e9b91fF2f32BB0DC05C452bCA7b37dB534a39,PT
0x54DF8F7888d957d729Df6a7c135df00d714b3fb2,PT
0x19D1812437f795Fc121bfeDd266950a3eD63441e,PT
0x073CE6108d6b06F9E34518e92Df29269eE5aD371,PT
0x119C109ECf42C20b14FAdb61B1D735B0ac04623a,PT
0x3a209F44a1561F00fA58c8ec3f97F8852767865B,PT
0xFBDbe526323235EeF013045f3656D2DDB818fC53,KKB
0x5165F3bD3f81F4dA411E336f6C89a87D3e29d014,KKB
0x6E72170E8fB277eC9d50F0Ecff099Dad89daCa07,KKB
0xE187909295c6EbB30291959F522286E6D1EedB72,KKB
0x38f2FE020fb517bBEE161460de3393874a9b5322,KKB
0x84DBD95d3f2f8f76509061F80FFc25aEEe719DD3,KKB
0xBd3971F420600B15CE3f35eafe83788ABa7448d9,KKB
0xFC5857258C072660EEa3D69341b618cfc95Ff182,KKB
0x04B915Ad2d17D79a401e1aAc0b170Cb38a518c01,KKB
0x1C4B1697c06209e347e886000fE63e3e3F76A417,KKB
0x8CF57606876BcEB4AC1d0a0dc5dE4dffaB8ab9Cb,KKB
0x20a2a2edFee34587501e3b5c8c6Bae0Ae5656194,KKB
0xa4289546Bb5a32ad640F69F6c8217F7765d066d0,KKB
0x98206cc108BD4cE5F0D1953D1D908EE0EEB697a1,KKB
0xFd0329230a30A16aDD08D1ac7b709D677D2c3Ce2,KKB
0xc9C4B5CFf0D64E4f1F2628f89EfC08CADAD47974,KKB
0x1B8f006e7BE4C3bFeCBa7eb4eCFB99A795B3c542,KKB
0xFa550c2E24EC52F47a27Bc559E96E549Ce52e0B0,KKB
0xdF209e0fa50F017B10254964a210AFf025E3260c,KKB
0x6f6cEbAA2dC2eB048Df0AF5Ff4352eC7395acF5C,KKB
0x8eaAa7D5237622138505D01a21d9E592874076c1,KKB
0xd558BfA5DB5F027fa21d9870ec56FF597726a174,KKB
0x102AFbF75907469B422039188329B26E2cCD4aF4,KKB
0x699e7fcF640A771fc51995E4C6Bc1E7E2FAde011,KKB
0xe42c2aa8D0cFC14ab8fd2A41fEbf7F718729251B,KKB
0x1bfBd9c4A966248E9B4D222231CF382A67Ff98ab,KKB
0x99A53e49404ACF0c32FeD394b7E42FdB0d41716C,KKB
0x3C7317a87cFA3835E323E1192e6D03543CA0a0AC,KKB
0x40d636D7cC9D880F8CbF077aFF0Da26C0052054d,KKB
0xE8F3D24aEF40dcC5B681059B87b03C4712cD26fd,KKB
0x416e6baFE955EF132BEF0fCb8E4Af98Ffa104D23,KKB
0xc64f14cA17dad84FAc73B1838156Aa2Eea46bCA2,KKB
0xDc5d10eD79D182e8cA5FA4097012BCb1269E4d26,KKB
0x96f02b54a5bD82682EA30B3b0c4D35a6333C8833,IOG
0xAfdC009292A492a00f7507131f84E0Ee72F5DD56,IOG
0xd6797a446D3B37076F17e066c41ce0a895132884,IOG
0x55cE8e594808A5e1B7AE5a8F205c353c9De238Fb,IOG
0xbE0Ee38Fe8377cb2A4A8CF8fDa1A8A68755C8aa9,IOG
0x101E75e210De7d6B0FDd87998Bdb7Fb5a9c4955c,IOG
0xa74fa5fFec0F54634B5891cc36b4a2e0aDBDb8a8,IOG
0xb29f23BE091ac72b9c8a8A1B4BC3074F833C025D,IOG
0xC87C19C5a81Caa06366B9818871256170D8d98BC,IOG
0x29C817dc60496B5F4D3B0C1f32119aF48db24196,IOG
0x84be697660b7aB35166F79b8653DA571Ba51BDaF,IOG
0x99629e0B09396e01286f3609daF0D7351529F1c7,IOG
0xe2Bfe6D309E9f4FF8161DEd2Bc831fD660F1ECE7,IOG
0xd066eB1db76B94D5F3FdE0CdB2a0b0b97B3804B1,IOG
0x61eD159a38F83Df8793F0911c436419169B887c1,IOG
0xb610FcbEeA37D552815a58ee249dA08dbBE22A0c,IOG
0xE0BDB4e522E1993FA56dbB242Cd60F5D58a4da27,IOG
0x55706eeacD403D7ad7a528908e05568ae4ab5bf2,IOG
0x8Cc99Fba42e41E3291d84394ea58461A5AaB7117,IOG
0x490a864E73A97518788610d7ed52c736cB24D5e0,IOG
0x563577fCE8B5C4091a049dfb5364b5dCFEeb73EF,IOG
0x5e1b6D99A1E326b96FFe9dFAF9574B1E12afcF40,IOG
0x64A1eB5870D4A1d555DF373457D8f7DB2Ff0Fae6,IOG
0x231fbFCcB920063584e8393940BBB75073E2886B,IOG
0x94dE88f16c78378554c39D756Ace5e1AE0C93Ff9,IOG
0x7179045a661D1F14B0474D6cCE9fBd23e84446Dc,IOG
0x31cb3451D9b3cD52a08eA8887701811F88940bC0,IOG
0x91eC0F7AfE7e5C53cABF68B6849cD823393A813f,IOG
0xbfeAf4b32939471533f7655ae19199c07F6Cca90,IOG
0x6D9b0a534D6f2240D1F8259Ea5EDc86d0eD4e025,IOG
0x28BEc376561f895C139603BBc7CeF661C03b21A1,IOG
0x51F45F888b81E7fa0C6eBcbd2C95668054E346fF,IOG
0x3aCBb2439360951C8442DDdade64eEa4ED5E1207,IOG
0x530e73EC90b43198deF99986F1E210a9E87ec48d,IOG
0x14E5C36aCd97BCe8893CDa3FeAB2E0EF0B5e01FC,IOG
0xb823c8e97f631be4b4B5534408C51247582c11dF,IOG
0x90fD8858D6C987A0eb1f01C91307e1418Db81186,IOG
0x0425dAB8ed5BF00C6545F13c4Dc8442ab9630DC8,IOG
0x59A421600c7f8e2154Fc2fA850419c7cBF3EE48f,IOG
0x095bD4709A72b4Cc696e807116E2A5f071Dcd005,IOG
0x76734F91E707F7dB0B92ab7E09012E180Baf54C3,IOG
0xfFB6678ddf44141685D232F95E73648b6fEF76C1,IOG
0x485dF2CC29Bae7Af587f31D458C359dF951FD877,IOG
0xfD4Ca8F745055060EF10aC89cAD0ad110Bf6A6E6,IOG
0x0e48Cb09CAfb9454638072F16B85A7254a67118d,IOG
0xc9aEbde0f693bF2BAB506E5e4FC7C0484bd0d6d3,IOG
0xf175b55cA2AEfD28F6cf7e3DD1426DD28d3fE506,IOG
0xcd8C32FCF0e5D9E95937648573A91c9A1F95828f,IOG
0x36565A17C8b98AB4fa33A0B897ac691319229c8e,IOG
0x44Cc6Aa8E1aa7a781E18743b300DA53787b950A2,IOG
0x9c24000f76638524E74Bb936d3CFc123c6c2f780,IOG
0x353f1d674fbBB8fa8eB78babe583ee2dcF67E5DB,IOG
0x4C5451EC97eD725B3d3D6c8213c43a249219bF75,IOG
0x46F64Afc6CfBc6baC0e9Ac9FEd7252C911508803,IOG
0xB5EF6b39D57d9740c5eE2D536dA3c3E9021a6c43,IOG
0x71e11caA9fF43c53F742f3B859fdE78a06287aa1,IOG
0x8c40FeadAa63A9d2a2F8b2b095191F6f3c88731E,IOG
0xea44a519fE0d6342aD5F8d20b4A77D809B258b30,IOG
0xf33042b57ab24Bc9914B69cB07a09d13aae55EdF,IOG
0xa982f633D214abf2a416749981bCf94f86ccfC7A,IOG
0xBC2440f98a1E441673683463e37032b7F535d1bC,IOG
0x523e109D15C64f4893fEA3707987Aa477e9c2571,IOG
0x15A3C73A3ADD613B04144c102297fF262bd5A02B,IOG
0x14d9DD1709Ab38A7c6fb16179b1BB9B2434Bdc19,IOG
0xa8ce14fDA371d2dc590A016C1b823fBF25c85D56,IOG
0x08651c8D081CfdaDcFD37c110B3E426568C0e3b9,IOG
0x78d1efe69F3426126caeCB9e33eB57365f4D30C6,IOG
0x76DE2e598557C126cCa85c1e03EE8dBcee949a0E,RGN
0x432E9fC98720d5B6A7dBd77e41BcCD1Bfe22A069,RGN
0x2ABc251d85D179790F536850fD94Cd9d579528F6,RGN
0x2CA3219B8F70EC4F470d3429780E9e93CC3Fe6f7,RGN
0x54De13cF7d7AE4c4A8aF49a1350e85227Cc5FDd6,RGN
0xE2Bb55D5044461B55958bbFC663B1492CC2D96b5,RGN
0x574Bc57d732f2a2c6e4aF39163D4c5dA582Cd1e3,RGN
0xf4Bd95E5d1a67225985f844D49a666a43D153E0a,RGN
0xc553AEf70009004b8fc21Fb53937F2539cC1085F,RGN
0x25bD344aeeeEa32B07b982b9e7FbEDfc580f14d0,RGN
0xB246Fd6da307DCD03565BF5ca4C733Ef2310bEC6,RGN
0x72ff46a7bdF57151B0Ddf1B5dBDC59F11aAf4a9f,RGN
0x704fb434DD493f0d4ad2703f1E9b7Cc5b7CeFa67,RGN
0x13CeB4d2f681f6c7BFdc3Eb15D8E3f6AA77fB5d9,RGN
0x5507A18dcbC29462BC737C21FdEFedee459779db,RGN
0x191606a7a8ecB7e665ef51f44fb2E5E57F4bE349,RGN
0x587d51C8a28c75AB1759e1515953C85ac11cB8e2,RGN
0xE38BC5D78E1e1C3f93Ecbd3aa4D45451a29d5CCd,RGN
0xB91d720e176eC5ADdC3dAD7d64C747f902A0e357,RGN
0x0573d6eecE8a94FA3f7f2490eD20DfD61a1072a9,RGN
0xF400BEecD6dFC57ebB911Ff6609B4615dF2B5F9C,RGN
0x180e3D22D6BBd860D153Af5A7c2C456B4496da76,RGN
0x281B5850401952e515eA281F61d72cD2DDFace32,RGN
0x41BE9Ea29B98d8B9b7b763Ca785Eaf47C541e0F7,RGN
0x2FF4Ba49E25bCC8632d81f1aD99eF00B075B2A25,RGN
0xfe436efCa28c6175d634b6e3fE6a10a992CA3AB1,RGN
0x06A047E428c7BF353F6A11Cb4849cD6d57F29b88,RGN
0xA01895354a576ee2c13b845E22DC2993A077e011,RGN
0xb815AA9Eb051030241bc8462cFA31c32b1FF6683,RGN
0x0d06104c7fE2DA096CdF15aab6e3bD48bFedB332,RGN
0x8C016F4EfC752366AF333576db602DA6ae9cd94B,RGN
0xBEA724DF149d3Bf972071500e0ba85d341bb51Bd,RGN
0x59613Ee680AcEd78b0652D0118754F132769C28C,RGN
0xFD13edce991Fc6A3D24023B1EBc7A5E46a844e7F,RGN
0xb4cEd5cdD086d00c6f4E3FEA2F320029e0561c90,RGN
0x7f2B9762F5a676aE62dBc04709a1c28B3Bc26071,RGN
0x667899dc63bCc12DB5E7fa778d328968eA26CA68,RGN
0x5ee520255C299AB4D4fE8Fdbbcf99bF548E0d836,RGN
0x1530ED61b10FC2D655E075baf729A3837A2e2FE0,RGN
0x52D1c29713B3d4A1c2E08FCb5eb3F62619564578,RGN
0xD93EEdeAaB04a1515deB446415EcBD74fc9b8855,RGN
0x0aB259F3cFf43811F6Fe2B556C21334Bb856CDCe,RGN
0xa2407482C238DacDc60d94a78A634CFc0fe5dE6f,RGN
0x8758868c0775cd8BfE3795eBa536E2a027af9A5F,RGN
0x65778362aa1a79448846852692c5dBcc640b1557,RGN
0x54447d2f752c5C8552728E5a84D03461cec77fCF,RGN
0x3Cd084E56A516955D0148872c5c0b20EeDE1Fb7C,RGN
0xBF42F0cAaD4e1e7a747B78BF3a908a40B566760A,RGN
0xB84f22AD75cB849eB5475C4b36CF849e2E101C0a,RGN
0x0849EcA8a0a9a40eF811972Ce47302DCc2169B1b,RGN
0xe41eb30795b6C00a1256f24DDf7E4ed1fe5E9f0c,RGN
0xB117818E21ACe97e058F6E61769420548A85518b,RGN
0x9a968Ec1C52B6d3CB56DF41d20017703E8dC41cF,RGN
0x7cd3346126F3d0E27B09547C0e6d1a15651A025A,RGN
0x87Ab1bCB3A1F591F040E0ace3605406dFc9b41Fc,RGN
0xaf82278A8736E6472028F8371fe9aE0bcBaa414D,RGN
0x31597f8BA4175cfd17376611d4Bd75C412805591,RGN
0x33C6E9e440FC5689ae9E8bFeAd33Dfa022469F2C,RGN
0x81fF22241023D7954915Ea2447704d293eacbE84,RGN
0x22D3aE20387df461E9b51B0215C4E80644173610,RGN
0x9CAd8861c8a63b558161C2cDd388C8daC61ba402,RGN
0x33976EB78f5cD9F9bb6De55413336E18182bda09,RGN
0xEa52d2615a44Fc6F9521183C439De0DE50ca40Cf,RGN
0xD3503325c0Dc9FDb464590AC8009a1bb926CD4cd,RGN
0xcc0667B3b05D9BA7B666cBf7b253b552922B8295,RGN
0x7e823a0715Af103A10AeA25c473391ac95be6D91,RGN
0xe8BdD30c81e50145e21A592357b3753A7271de24,RGN
0x99960EE1C50EB2E80FB23aB75CbD4f2fAc4A3cd0,RGN
0xfc51568fC34053486EAC4490F8F396F080B41542,RGN
0xe25FA8276332FFd5100Cc019A43D5D23b59B67F7,RGN
0x90d9908400C0808b32afaC30C64aF008D537b8F0,RGN
0xb1B1F65E6977863c73B979eB02ED947BC4b2145b,RGN
0x364cD71459144091ea2cAeb81941892c2799eadE,RGN
0xB8A8821830c4c4ddb2069D17f0B4f810D454b6a5,RGN
0x296F284E74F6d58D71b42DD758561255daD8D1C7,RGN
0x6098Ed1F212ca2ee6D971253aD41F461159A2bdC,RGN
0x55b3e03eCEF58E792B7B0c2050De6b2Aa9B8a8de,RGN
0xcAbe3Ed68e1D584E19A775F872D7aE69e59FC7f3,RGN
0x05db4aE3469641248911e38ede667626d777A29C,RGN
0xFaF6A2Fe0d842A9e2E6327ac904A45862432Dcc6,RGN
0x337521e449b7941C8003Ed8d538076586C539AC8,RGN
0xF0BCc80BdA2364fBa10E279Ba677D399125c2C52,RGN
0x18A513BBaea53C56D9D4A10bD7c9897B7688d885,RGN
0x7b05b893f799Aa9E6E15F264E3BBe8Fb0C12805a,RGN
0xF6B98645a9e6BD51c36a58Dad5c55cFa4B81dd88,RGN
0x7a8B2803898ae1ab9D57c8F79522f2172F3E34D4,RGN
0xd61b8a27FDC4912062a29d2dCe8ba3F43EA834Dd,RGN
0x2eEC090cdd4965F4f2C5F103d77dC48CF5d0463e,RGN
0x15e44d4DCb0565ef98b9c3A0C63F60dE5f12C1cC,RGN
0xCd43844f62E5E775680178c4861C467936006eF4,RGN
0x3E4Fba48DEea299A97cB123250d5A39942F51d24,RGN
0x465b51a1893eAaC3a48ec72ae5fCD763aC475653,RGN
0x67c83A19D036d86eE1Ee949bB32cA29eb49d4107,RGN
0xb0ab2d771b91C55Be2DA29CB2a978a02082d009e,RGN
0xb9a4425412dC933c1015C06617E8a320cD7d2c7F,RGN
0xc984dA87897A8c0Dc92085AB7f21aCC17c89b788,RGN
0xF0456949fd7a150858eeb2BE831E43ad794ad773,RGN
0x9d38E5eCE62a1FfF23c7321b3142dDF0bBd2D984,RGN
0x865c2F1246B343c971Aee58d4E4bC8E2C0568741,RGN
0x93eCB8e84ef35B851b483FAD1538C5D2091E408C,RGN
0x30c831DcaD20Ff329459590FF3f6C419c22fF838,RGN
0x62f71D429be93fCe8E1F92010621eD1D16104888,RGN
0xc02D485B525bC8D2A77F26DDfe271551CF551dC3,RGN
0x28937a3245E492e412D2Cf151F11CadA9520C16d,RGN
0x8a4fedAC4cec8045Fc0Cc07Ef9E5A23945F47ABE,RGN
0x37D02273B1c43B93438B7E4f3E4c9D02873Fa1D3,RGN
0xD8B10D8f3BBf797aEc8C1Fc1909Dec97841Ddcd7,RGN
0x4D85793efC067Bb30cC845F97614439cc83309E7,RGN
0xE5F3604399b6E1599770176AdBD0916E5151b71e,RGN
0xDbBa550aA6b18BFA04a92dA75160201AC2Dd36a4,RGN
0xc971FC8cA91d0CdcEbb330D2D94ABDb23157C7F7,RGN
0x153e1c0c96B7476324bD9AB5a7956d4892953024,RGN
0x9C463915afFfEB9053F21CCCe63640BD3025fcC7,RGN
0xe1DB058520Bfd452f289CcDD18ab0Be741A99cfc,RGN
0x4d289232a5B55D0D102A635e8815b37dCB240356,RGN
0x7c771E0bA397Ec3753b1e059A40D53a0532714cB,RGN
0xDeE760E538720Fbc4441B1315C9202aE950E986c,PT
0xf5f610565053bC8B289b877dC7bFd4C7acdEb0b1,PT
0x00fcA4D8477Ea1Cb8a50549706589F49c75D9560,PT
0xc8e07Dce4f7FB37b8C27096C292D5650Fc8e6637,PT
0x1F3174Ce78147763Cac9c466879Abdbb563e4dA1,PT
0x8877Aacfaf9162acB2668979AED64E490619b24D,PT
0x9441FAB7c308aCd1ED8e5573b5ef577c2FFE83e2,PT
0xb3A847cb0d069Fa06E6F792F19b4DE17F4638C28,PT
0xf0F2Bd89D8eE89FF1C6401B8E1a404088CFD9357,PT
0x84276424eDF6DA9aa38A1f780D878915a119e6Ae,PT
0x464d8EfE0dfD5A4E968bEeb472b07cb6C1a17a59,PT
0x2D68db225cDD46f788D9DB2E491229f18c118F3e,PT
0x01204906B86658932acCEfBB06744432873a2d43,PT
0x855B446a19cB1f434921EAB51C8718e8014A23C7,PT
0xd0CDfC3f8eB61F3D4e4b0cB3fB50EE4c4821732d,PT
0x611bd4a5076bE595B29F99d25D5Ee99C78fc152a,PT
0xE7f5314B54b565A4a245ae15428E6F9EE3971461,PT
0x3c596B218f34E6a3aD75185fdB07dfd06aFD2906,PT
0x8e315733FfcfF7EeFC41dD666dA79095e0f5aA72,PT
0x48C7A26775EBC99a19281E166d7dfa6377da00A8,PT
0x6CD031695c9745a962E0372C54E398495FB2185e,PT
0xD2AEfCd74d87D2D0f0601885A32c18010C2cF68B,PT
0x3E5081B0856d6a6A7001d7B45089EF012f1bD318,PT
0x0B8618e5A0E9789a62383B7d06b2Cf9e64515c93,PT
0x0a638BC9d22A05C2d47d9354A3Af898e02d66cF5,PT
0x5900Ec22Cf68719bA64efE0CcDC130C3f35F65Eb,PT
0x7ecAcF74420A194F8222d97CDA351d36e1e49ec4,PT
0xAC62f36C9F216827da168968F859F12D6559C234,PT
0x890e9b91fF2f32BB0DC05C452bCA7b37dB534a39,PT
0x54DF8F7888d957d729Df6a7c135df00d714b3fb2,PT
0x19D1812437f795Fc121bfeDd266950a3eD63441e,PT
0x073CE6108d6b06F9E34518e92Df29269eE5aD371,PT
0x119C109ECf42C20b14FAdb61B1D735B0ac04623a,PT
0x3a209F44a1561F00fA58c8ec3f97F8852767865B,PT
0xa00CB0fF97a8d2F0A160560bF0C58586D1e7B2Ce,PT
0x7F4BC6Ca138e1C0B6ABA58246662F431070f3225,PT
0x3107E412907334daC6e31f295aBD72a19D557683,PT
0x691C1EC2865A1eC652ada56f2592427e84EdbB9D,PT
0xF3F96021265b56599b016D3a1d83394991EdE8a6,PT
0x9bC5f04afD6B90EAF0d04e7fBEa8b94367CC1BE2,PT
0x136825A6d1a5F683329e7913C833A2bb460E37dA,PT
0xb8B67f6DA347555AD5510B1A2d31215dE3B9f175,PT
0x67edeA744c83Fbd9cc19e0131708065E8097310d,PT
0xb255cCb07b9848A1D5B1F7e84818dcF6EfC24E37,PT
0x89f9693AD5fE88b92213B1F39254093c82034f3D,PT
0x2D1c21748A5c491f39c29e0B537cC80be135E987,PT
0x69A0288c4B5258276BBf8B575C10d3E7FbFD0cC5,PT
0x6B21Ab6AFAaBB0147F230F4aaa94286adfc6e8f4,PT
0x0D2c27AC072f990eDeAAb790b160723C3337B5B9,PT
0x4906A29Fb9817a78700F034B22c0F69aCcf1A6Ed,PT
0x398Be1A171B0Fc0D2eb9B6CaC80Ae4270018dc2D,PT
0xCA8Daa003795dE21F73790F25C4565847285A20b,PT
0xFcAF68ecAB29bBb194f118CffBbc78958073dEc8,PT
0xFBaCc153018b69b03f3Dc5fCD3dcb6ccf87e65Bd,PT
0xc0C2Cf49bab6fDa11A37Ef1cF2Cd7CFF1bf262A7,PT
0x40933FF8e3A97885dce5a9D6EAB495397928d713,PT
0xE5d53F041C7E780c869E8C938f5D7A63411dF2cA,PT
0xe0a0827F9c1Bd6fbA5f045fB43C4b5Ed1B0f2e63,PT
0x8c566de320f6890ef3726FD7EEfdb694280D1833,PT
0x9a92aF94Ee50ce82aB432Ca1d07717c68E3064f6,PT
0x6196080AC544084531cbFbbDE78188Ec8A6C57Ea,PT
0x2452599c389E3728B421C4Fd4e03e36bfe4ED95B,PT
0x4C1b4aeD1E3B228A10B70D329E61F05CCF3958B6,PT
0x8bA0ce761036DAef46EFCc6F7B691fD3384b4A17,PT
0x160f2fFacd6a18271de08cb139Ed35a4C8058B9c,PT
0xCcD88EeCa1aA20EbF8D7d9530982250380A714A8,PT
0xF8e38Aff27ff360e474555a9fE3935423954597A,PT
0x34Ede355860b0351A9101636c84F72A9CeDCA1d8,PT
0x60a1b66CD9a73C962101CCBd6395E62e739bF32f,PT
0xb420E155e01EE9A0cdF9e9c7C47B4487879DE485,PT
0x22c44A8D18673542e5856d9341673114381E60f5,PT
0x54ADc087911D138D2B84f25FE4Da0d56f188D65e,PT
0xff4d123E490C152cc34b26e320484e4a4c53DA74,PT
0x042494b1999eE17759a7a9D5a21e467641c1b037,PT
0x27493227D0f6Fe5e62Ea42615A6Fe600bA8780e7,PT
0xE2F66F22E556319c9300dF7560118a616e19A25c,PT
0xe6e0a43e0Da948F9A757E6e7Eb37550eBe6dDa8b,PT
0xe199AEC495216CeFf3bD1216F59753ffF9543F81,PT
0xa656DEd4f204e97D4AA7bFf24152721af65cBe27,PT
0x18A4a90972b5512B72B9Ee4084a604259E34EaF8,PT
0x5Ba5d4e8d5Be9ee14a66c000E24B7E423997Dc46,PT
0x6122e4aD36AB2cBC0D998D2687bA9077f73F4cf8,PT
0x0124EFB6B7d71878FF62d6FadA2F7C0C0155af37,PT
0xDF8c5530897002177251F836A876bc3c1dFB4dCd,PT
0xB36aaaa428cCA89c9269A33d91e58b6120728661,PT
0x13957cb811b44e23b8DD1cade07a94Fbc9d7d788,PT
0x155495b07f29f0E8c8c40Be5250c0357f517D223,PT
0x92F0187033304ed89f8f337c65d1995480c222D6,PT
0x4Fb7Ab7332d625118928ad5071f95DCf8E14dCe4,PT
0x09d5322763f3AAb94B6F61693e1035E64B1f1EAb,PT
0x2bf454FD4E1767Bfee13cdC3848a6982c5ee9434,PT
0x100865B7fFfDA6361a5248330386E437421f2029,PT
0x04537dA23710cB4441C12EAbFD600cCa98a66cc9,PT
0xD9739B6C33e90B86fEbe1F08cB8b9EdC0C8f1c39,PT
0x289625114F4E625F9866660e51b0B3A9a489BB53,PT
0x1fc57D273CcE0B5c5699215Fb79789510Cb3B2C4,PT
0x6Fb3E1881Ff425BFDCcdaf6717dB9de078621F0E,PT
0x844e68cB74E505F9Cc3Ee72918AEe781692a2002,PT
0x146D5138FDB1d233D5C57516A61e65D1577d4283,PT
0x8BfAdA92fDB87b8082128eb388373883c304B1a0,PT
0x096b0fE781523eBc2E9A5E8437F851b10c63ebb8,PT
0xA8fF5e8f05Dae77068659fC44bD3AB42f8E7dd7E,PT
0x7ae2838582d280753443aF03e01f9BD695EEf527,PT
0x2e516d19104c430adA95501Ee5b80D4ECEFcF6F0,PT
0xd76C17c4115dB49f4a73F39c5086b83bEbAF45Eb,PT
0x4130930b7b6Ada21d06293a136B25700E77fbcf3,PT
0x8D4817622e7A13B71EF749449Dc26AA610E9851B,PT
0xA9f368558b9b5612d8C9077989E2c91600968d31,PT
0x1dC4c5EE30D31504024A51C8fC234a3F803c1666,PT
0x6356996Bd6F407d6714349F932CdaCBc2e2A5108,PT
0xA004cec90b232A0b2D39FC58C221A59b5E877a64,PT
0x2623ff2C7BA102D199B473af04BA5D0627a52aE1,PT
0xfeBD2a59B8B56b72e29c068AE67e973263a6044E,PT
0xC43f007784d07268f4eCb112414A332B58767b33,PT
0xa44Ef10f2C854baCb0CA37691Ba722d3586dFeA3,PT
0xfEeDa2077739c9C219e0E686A633Dab949575528,PT
0x3C225ed8B992F569dfe94C487228Be8e94542eea,PT
0xefF41b0041af54BC754dd82BEa4303fA3b63B04d,PT
0x216cAF43893f18221A1345ef50EB17B3dFc632b5,PT
0xCbc87AD1D152EBcfc65a70cBE540c61aa3363A5D,PT
0x563B3d2C1290bE127F2e96e280e5bd8D328a961B,PT
0xd03436E499CD90ec714657df782E287A8A0e5951,PT
0xC2774A9a56600187121e658427198e11Ed5d3972,PT
0xC058e98F19399aEfB5b4C95d419e2E0AED804E30,PT
0x8FEd324Aab430d0C032636Dcae0538705Dc4a731,PT
0x9893f521F7602Ad900B05C59Df6C6cB285FeD6C9,PT
0x92AC8EAF64b0cE98f8DFC5F7A099CD7125DCaEf8,PT
0xa7bFfC1CB87A4479f680daa7e0dE109B4F73468F,PT
0x7810aD86F1bF91E3FeE94Bd366BeBd291b7A9760,PT
0x9fcC003B5567b309B0ea03a9bE1BCca63b34146A,PT
0x4C587F94Dbf5e404dDe6A6138241fb0312fEDf02,PT
0x94ECc1fF6e96428C80d2991E05e67AA7201EBBcA,PT
0xc2338BBFe0438cA8E26929ecaCC1546A05ba471c,PT
0x9B4ad5B5df83f3C3de733E6f394485e41752B29d,PT
0x8bd0bD1b7917a990659B2C7dFC9c2356f20C0C66,EBIT
0x43880e2D58E10d9E25e36555946fA146C4d6988B,EBIT
0x74fE2d955Fa08B228Aa2aBdD4d63e9eFae0B791D,EBIT
0x34E0D2b24A4c93C5604c3ab2156c672Be9d3d212,EBIT
0xd0977369f0CcD97be3f0227C25652c4C14161126,EBIT
0x5D5c2f9A493145399B8657b5398800CC4F63D615,EBIT
0x4308Cc85d8be507e6F33a2518F7713D9d00B2394,EBIT
0xF94c51aFc2615003b8bD2d518f519538E8D92E51,EBIT
0x451CA22F1f2c7D8256Fb037b9E08042B061a2748,EBIT
0x0f4b416F50139722c94591f93e70D161a2098707,EBIT
0xaDa54B9575dCD06cae275b599Ed01f4ECB5521a4,EBIT
0x852435Eec0c2Bb6B5AC41f7e7B1AcFBA71a5aF0F,EBIT
0xcD6929Bbe5c6BC4E4f33a5b5444ca9c3C89F2e28,EBIT
0xF9852E60bd2675f337Cb53010619698B162FFaC3,EBIT
0x6320b2d5289Ed918b6f743aFf3770C02E76C69d2,EBIT
0xc3b2BA44d6C0d0eb0009FEF1A9Be498443e25ac5,EBIT
0x034f18445717b4F0fA28efD1F47061Fe94E90363,EBIT
0x336a6d9436939E3B15904FB7e605C4A3af1c0D58,EBIT
0xeE82f8397784e38eCB450289020ef9D03111b630,EBIT
0xFCb7B4249d1EcF808c944f6CE3edDcA156D79dA2,EBIT
0xD243B281FE5ceDe4CbcbbD205d309B6C29518669,EBIT
0x6dbdC1f8ad759d0E0c4EC99fa4E06b921265039D,EBIT
0x549ccd4A0715fcDab06f9408b258CAFE1EF7157f,EBIT
0x606A07E0C2571FD2299bccDE4c07c60D6560Bf34,EBIT
0x3EA9F3647285729FDBdddD8dc59616977f711CE5,EBIT
0x7993166f27641b022342A5b0a529368Ca4CB4BA4,EBIT
0x4d159D2B5d5478576117f56a071E4dB5d49Ea4aA,EBIT
0xbc7ba2848814897f18D45142b545139Fa4c57D32,EBIT
0xc397441fD932bdBdb0230F45D2ce8f73D83a095b,EBIT
0x065DFD049603f5706aF949dE955B61dADDA0B74C,EBIT
0xa39055392892e8Bb13388723487549d891F0f69a,EBIT
0xa5fB7e64D3F958510F20a2D38Cf953E8F4BeFFd1,EBIT
0x4c5750b3Bd9EF691738Fa3EF35911Aa3ccAa07EA,EBIT
0x1d99Ea4DBf886Ae0526b34d301A3FEE5f2497e32,EBIT
0xAb65787988DDF1627234d98d26b1E15228A7C3BC,EBIT
0xB4Ae422b438EBbAAfcAb1cDa734AD983e924352b,EBIT
0x24DC2b6aEe1C542950BDeEacDD33490A6Ef18853,EBIT
0x6294865667619A5a02539f7459C54d6d01365c43,EBIT
0xE0C4654C122cFFB0977B73686DB9f5621808Eb56,EBIT
0x55f2a0812A42402F496563D8f8fcD53715f1be0A,EBIT
0xB9db06f71FbB1Abc98D27F7B950FfB8d2434B698,EBIT
0xcc21812F68F5D63861a79E72a599B1F59669DB2c,EBIT
0x31a416b0088c56c3da2c9506ea9D313Fa4aD3C44,EBIT
0x848f47a5421DDB3e596C7dA0935b59956F491234,EBIT
0x9fc70d3Ca39170f8Fc2061239013970cAD15d1e9,EBIT
0xb40Df2869928147280EF458550a91b30e4aF7579,EBIT
0xa96F134e87C5B8ecbfC90397818206B5b8f46Ef9,EBIT
0x949f380E37F7a93787BBD3a5Ba4B331CC50D990E,EBIT
0x1a4f270f4766d0b8eF914bb761e2BCcDb696751E,EBIT
0x5f7Be6aAf7197B34249eF9ffBF0D197F4ae08E62,EBIT
0x47553816B2c4e811C2353CE5AF4EeEC32e254291,EBIT
0xD3db49aE300Cc4138238EBeDC1f2d11c9595F51b,BBG
0x2b31Cba82E5DbDbfb50312A5717d3cED264DA799,BBG
0x070E7f3859604a0CA1568AD0e65F6C793c0631Dd,BBG
0x2cE8Ea3f24692148D9046770E08a69B7b098fD31,BBG
0xbe58e9dEc3155a0Ce3fbcfDa6FC96F4DD41E4556,BBG
0x76BCE7810f5517B3f6461Eb0106ceD31DC668C52,BBG
0xC71a0f9767712Fd563C4592db1aF64569e494A86,BBG
0xF61169f8C89276271e4A79A1B2eC9d44418CCa03,BBG
0xca9FbAea0b485dFD96062f6aa426F36d8F09409D,BBG
0x24a90261C82f87Fd67A004f4747F7e4358F9a2B3,BBG
0xBBd3E7DF99d4F76f70a152ad84e8be221599428f,BBG
0x58d1Db1e0AADE0171EfCe74c4992882808b0f0E6,BBG
0x766C93ecC62dCF06f3668b2c54Fe8C8f3E71F10b,BBG
0x60C1Ae5784caFD890d9e6E17Cc9799d427F4b93C,BBG
0x978B6951a93503F1D8be62810691c70bEb92fB19,BBG
0x3Ac0ae40bA62834D95bf3b57E24452D3A0456aAb,BBG
0x73587F8CEeFADE323141049Dc5BA2b4689D2e033,BBG
0x9664c856CBc49aFCeC5eB9ae7149CE73CF5bCaDC,BBG
0xB911647523C9B9C047052De7A42C3744aE88f161,BBG
0xd86C4Bee315929ff8cd7Fa9F2161AF456F87a321,BBG
0x245A0BaC541b2Ab3fE4b3754Cce9c926Cb2c26Ad,BBG
0x2d419671991Fe92A2F60376bc6Ae704fB38fd845,BBG
0x42a45f82b302E86cC16dEE194Cd5bEDAdca44d0a,BBG
0x16F4761CFceFb6641767BD3f83c12a95F83e44A0,BBG
0x4b832e8762455e22E8aA52B5d06b9de4bB85333d,BBG
0x12eAEC0470aF64498D12cAdA96650a6dB86Be3F8,BBG
0xDad85a4428e0Fc23D33c8E3bCB3513F83f88fB27,BBG
0xCa0822682643d89991DdD8B7a1B43b2BF5483aC6,BBG
0x15fEc57c08737a37C167060964a6f930a715844c,BBG
0x13fc55B0490aFd6fEa6F2624F9179042ac5F7608,BBG
0x8031f98B8c310beB83C9284F77A91544DD09de15,BBG
0x446e2DaaA01eEf6401Ae6936a83444Be7f355943,BBG
0x6774B64D647C70C8af17da7eb206b884fC9AF8A0,BBG
0xAAcfb4687dFF83bafAA3B36e0e06CA0e2708818E,BBG
0x07C5d51D6Bc05Ec5D2700F5D419C9A1FF9883F4a,BBG
0xd6e6FEDba19fC2418d07bf09dC55a38114B8547D,BBG
0xbE349A5eF37C06aDCFCEBF65c820AAc284896a40,BBG
0xBD51E6BCdeb726A7fD098dfDAb716B1B91BBa999,BBG
0x983866A97c621f826797E333D9b02608de750a0c,BBG
0x3735443f71249413452dEb0EfbA694929a029586,BBG
0x072c4C90Be7B816018Efb1e769b5992bE47ABbbD,BBG
0x3F76b9E9614dE35D487755DDD57B6f807EdE2481,BBG
0xc173920cDeA9AdF6Ae975eD0B3c230821dF603C2,BBG
0xAdaDeec709a51a8CF06a48BaEFfb30bDC04A8151,BBG
0x20aB54663798393308Eba1d2af6dac20C47f8ebb,BBG
0x29352d0F5faea82f339e40024b14205e4b254686,BBG
0x2bC9C0F8Affc77BCe593929fb06CC63787CD8d4E,BBG
0x033e85aF4dbE65994cAD7616F0c13BDcd7b33459,BBG
0x41461C1aE502cAfff75242645bb76E0D01BE22f1,BBG
0xF639942688a3c4A80b21196024dc073022167177,BBG
0x57C897ef470392C04390a18780faCB8cc49B385B,BBG
0x96187EBb469c7F093A7Cd6E6D540e993C6002C0a,BBG
0x503323d5Cd908b9fa5363d67b6706242bDc9b120,PT
0xd1e7657278088d12D40f6d63B93F1cBDBff08b76,PT
0x8a3f58BFD1726eeA92495E51a6B815D2aF63A4cF,PT
0xD503D202AD7382a71dDF74EeFAAFF3D98B7D0A0A,PT
0x23CB8B43880Dd4ab7EE2fbAC5467Bd7ACA6a8410,PT
0x7CBae2AA25931D5351732ed487B4A88aEF840079,PT
0x771f81a3481AA111ca38ffFC2e3BDDc17521CA72,PT
0x6207DC6e110F5FDcaC64DF122da8663b70B2A0A4,PT
0xa80dbBB6d5167f503456D7ec3856487fEBcC3556,PT
0x894bC04FAb911920D7dBB38422491de4Bfa149C6,PT
0x1f77305F5b795024C390854CE47bB09d2C9b79DB,PT
0x02B5B87B665893Bd457b7bA4f54b6199b45Abd01,PT
0x29C7298D6B63Ca733d2A1771B658702a676A754E,PT
0x04b9fD69991B1f5297763bbCDd9C1D2261526BDA,PT
0x24b21b05383B261D790fa479bAE14d8e5bb3fa7C,PT
0xba45071C856A05A232BF6Fe240bDd8E48385890d,PT
0x24A247e8299602d74c7fdc93D5140D8577822BeF,PT
0xf32Cac20F6EB30f129347F1185f971D2DbE6fbd2,PT
0xA3257D81e79AD3ad415E8798DE5bb0E73a461b04,PT
0xF355727e75DA128081EAb83f6FE7443ec71dBc1C,PT
0xD37a2F42D5d46cf60Cfc164eFa142467143f0d86,PT
0x5A22C8dDbB0146636813D47202180C14c677CA0c,PT
0x7b1e407CaF8C1CC8373BB7c73935d3d1c7883380,PT
0x00C075a4271cFFcaD123Df4881469ba255fE414A,PT
0x686B6564BbA956C9D70A1bEf22578dC887073caa,PT
0x798A98BABc220757820a8A205b617c0D5679129E,PT
0x63417f220B843e57e88bf3b7fB2099074B73C008,PT
0x6633dE9FFeDE455E5c384e5cF5fAb08dA5906221,PT
0xFD6E8d05186121d584363556505130D7222D92c4,PT
0x74f8b6c73a9a67e80c0579007d4D2cC97b620894,PT
0xcAfDce8133102ee55559F3e843d8C1F561E3720F,PT
0x2893960e380f67c1d19D72768B5a71345f609606,PT
0x98a390AE2B7d0FB1711E15CfAb0787b694969428,PT
0xC025cf7E2Ce276988B34A8b829b082B07621939a,PT
0x497bd29F045042fE35C248B3aa1E0a838BbC7E08,PT
0x8aF2BE1226dB88eB9970dD5f20ebdaCE1484746C,PT
0x2Be19a9ea719b6FFfB3e99C7097fC55942755778,PT
0xBD4Ea81749d8cD03d85a075cE472F52eDf6e885E,PT
0x2BA70e01EFbbD2aD0AAb7D2c7de7bF56c354E86e,PT
0xa84755b4Dc1EfcC0a5746B54578aeF1B6BFa1145,PT
0x84C5C8954D2df654844C36e3751b4c50aD3AC8CD,PT
0xe7b6A277d22D8F99AE72B96E6fd6b0A8E76A2552,PT
0x83506746Ebb9A4415D2A013bb805E3e7bB989a65,PT
0x01c9711a2e56AD71326c73e9C179ccaB668577aE,PT
0x67ac60Ee596FEc21E10B982e254414a14C3B89C0,PT
0x2B2b34a11269f31d30AAcec44381BCdffA2b3ec6,PT
0x487B0126de1499d1ca50499C9E76a35b8E851553,PT
0x03BC292fcBec10F96c835a9Ff8584183c774b0B8,PT
0x1142e065A6615802C82A81d0b8449e7608870107,PT
0x3230f993D8e677227C7eDCBDBCbb4C8053C00a5C,PT
0x755661449AE8A707BeD40c0e2f323dB08F1f71fD,PT
0x64c05b9aC784C53B005fB0A6c28f2029a8250E84,PT
0xa4b9DE0D4Af521671e7a57a92C63FE2a901B7418,PT
0x8A330a6D695ed21528EeD436D0302B49634E18A5,PT
0x378c9e3a70Dea10C67a2E42FFB768C51D2bf856E,PT
0x238a71643859b6a4F055ABFDdF53Fc94634F5F18,PT
0xD06F715003CdDa6E02bCb98ACf5b6b31Da1b4f2c,PT
0xD9F0E5dc6d0b0234535D90E99D6Da7795D51A980,PT
0x188D811B788F9f5168a780BedFDCe84f1a13d7A1,PT
0xb6E82a82C7ba01291A5e6a57FEa63330107e9CaA,PT
0xD214FcD1Ed56d9AeEf59EC9AC15bAadaA4DF1870,PT
0xE463260Cb65848Ac08f373192C6474B805115F4E,PT
0x20e18B947e01feDA29582CB6F1043B23F4eC3DA8,PT
0x23c6c8E1A5a902f0F4704e23EfEBdcFcC626D24e,PT
0x9faa549cDff4ed3A7b9d4e0f759EE7891777F923,PT
0x3278de03255d66a388a14d5629293C1c4AeD8346,PT
0x284862Bd1c2E5a235d605B1Deef96D25f010029B,PT
0x9bBB8e1173120b0f57532B31f3B1203507D7a6B4,PT
0xc0FB8a9cD317957a0FAf2Cdb3FCC61C702C689B7,PT
0xc2e8A0437FC9d4084d3B4bee13FF955392080497,PT
0x3916C34833032a10EBbDA50dB9B24DBB764193B0,PT
0x8F3630D06c5548C2eB033737329a11AaED2D6709,PT
0xed11cbA5047Cd0A242C654022851258999d5e7e0,RSBBI
0xf83a342718E762142E159bD33a7C1A2Eb88AA2d3,RSBBI
0xe1EFA7196E3C9aa211cBa4Bf1146E5f5bb88a80e,RSBBI
0xbABC693293Fd5641454F7369832E6cddde021E5d,RSBBI
0x2D7e0fEc681F3faD13c603aeeE735217fAd99D6d,RSBBI
0xD92e65A7622c164162aC1fa89d0c173B9c019fdE,RSBBI
0xa1be565dA70411409E21abAa11e7C685B96E8ab1,RSBBI
0xb8A23DaD3cCF7Ee841c68ac82dfA30F39EDFC18A,RSBBI
0x7779fa0949166d1921C0aB6360B9baC5cBd8EB6c,RSBBI
0xfb8AE7330763b32F5F8E4348F7aC3C940CCd47ba,RSBBI
0x57B28586486969d2cD00F9519289B64C45334e7E,RSBBI
0x4Ac96e6D2334fc8c47D63A52AB96dE21Ac366851,RSBBI
0xbC457192c05E19e8A706DEA564Db1Ef5dE646A01,RSBBI
0xD551d24ADCa5D4088D0952Ea40D4ED10A1284086,RSBBI
0xe654f773AB70080379A39858Def876603AF331B2,RSBBI
0x2EcdA37F07E21feEde995f8d6448C9091fEf40ab,RSBBI
0x67E507Ef24E7E1C2291bb71e0De983fdE666b152,RSBBI
0x471892f86f48d5d373782fca30D973De04bB06aA,RSBBI
0x92DC33cbb8B5A304F7815312d2a3869Dc85425ff,RSBBI
0x3c40fDE66AE5A44795772a074c339Ed29520e6d5,RSBBI
0x27247D30587a8d993b0f3066A9c00c3FC3f1B87a,RSBBI
0x93883b70c51A0A2126234F0788B2e118d39BdD33,RSBBI
0x7D93FEeb03b7aCD11a26f57F51a0a3f2a33b0367,RSBBI
0xe73908008c52cF40F7cDcDDEc365c27dbBd1d417,RSBBI
0xcd43e3cA9F508a01553951d3870B6b9cBc7aeb86,RSBBI
0x592247009558c7C8b7b4dB30d174ab59C90bd34d,RSBBI
0x173Aff8B153d9050a7323c848e15B3bcd7D5C647,RSBBI
0xb97685655bD05595efeE5F48233d465594A47339,RSBBI
0xa602811469184adb49D3d46d7aB83e551e5AdA64,RSBBI
0xc40e04519a7851167AFE74466ecd845C7F2B72EA,RSBBI
0x399E9b62ccf60542033020675202C99Ad69811aA,RSBBI
0x81f642aDA32b94f50180caA9A6E604111A70268a,RSBBI
0x762809774B7E321BE00c82b1B59f8dD7b9870111,RSBBI
0xae92b805614aee2Aa1Baf70eA13Ce51DCb94b56D,RSBBI
0x58A9a3ba471D1a4dFc465A3033Ff37e45671ed81,RSBBI
0x63c3065B65c74349E9785fC030cDdE7829Fd7066,RSBBI
0x7457F6dD63672FF74f5C8748e0CcDc36D6363A4D,RSBBI
0x02233C0bC94CD967d3D3f78D7893213422F85df3,RSBBI
0x80d6FF8210625fe496f59547f0F181E49176A08E,RSBBI
0x7df226bF60ad876917a5e7923C14A04c65250f04,RSBBI
0x2291b268cF2Cbde88950A60B48c6c184B77276a8,RSBBI
0x4da89C0D01692a692EBCFeBb4d796ef8F4dDbd97,RSBBI
0x8AfAB6fa9D50BEa0c2c424E05c5683F49d22c889,RSBBI
0x1a302B08eD478DdA0d2BE72cea55233F5BD37dB2,RSBBI
0xE81687f90704FF229faD92314EA571c600Ac8072,RSBBI
0xf736B3416978f2811E8869a37480f6089bD009F0,RSBBI
0x863cC4188187980DdcB49452FFDE3E9ab8112c7D,RSBBI
0xdB67de8666dC02dEF69CBF5E7F301Be8233CD759,RSBBI
0xaEc0115303C332C438423e28B59b2B8EE5d6fFbF,RSBBI
0xfcd4793507890943980bcC251d7ED73899eEA70a,RSBBI
0x6B3FD88EB3DE2060d62a22a1a80ccC67ca0c4194,RSBBI
0xB36B9c83C914dd8efd4FFb3dF4397C01298A9609,RSBBI
0xa11Ca42B883849c94a86e48Ae402C5050a21cE0f,RSBBI
0x6cC7Ec57559b348EA09da530929eb4D96e8a3f5D,RSBBI
0x86146A1f9C9Fb4030E739bf95311d510C73f3b66,RSBBI
0xd2Bd771f384eE607BCF3119A65C4Dd4a78549225,RSBBI
0x7cd85275165a5437c9Bd8b977dEd927728A1cf7E,RSBBI
0x433D506B8E49d7825a14a8e8C45400fE58940fa9,RSBBI
0xAa3358dA5Cb1A3cF3FDa91E5125DDE834d13B38a,RSBBI
0x8eb18591A42CF1bFec32767cfa4acc8BF4D943AE,RSBBI
0x4F275cB848c4C9c6dd616539F572F71e38143d7a,RSBBI
0x88878d079A02E1B978AB15447136890dcF91f269,RSBBI
0x06446B17ccd9e18B2e2BFabAD3B81a003dE8344B,RSBBI
0xFB2a46f6e313D9229E2734478D5800bA15e765F3,PT
0xe8480a4a20A4Aa4F7ae7963A8D84DE960ae8d425,PT
0xc51567A7ECc9440b25B26CcbefC3a80558d1e7B3,PT
0x8fBEE8Ab0356ED000CB674cb2Dd850733bFd44C3,PT
0xFf41286028aa0A4043BD0a877f45B0CE6b89E8f1,PT
0x1F0D5e9833982315912DaBB2C37f6c7A92BEBBA6,PT
0xa4263E90aE143ddb5aBBA6baF7D3072A1F37EcAd,PT
0xc0215AC4a1fD188f9a08648f6991AC2f436B304e,PT
0x85d4a60B72Bfd20d7e4b70CA0FF4c76E4c69bEa6,PT
0x3310A4150B0e9af0D1Fe00649bb8ab58C8dB5801,PT
0x8890e23bF6E106aa573829a10700d9a541C75285,PT